sample	samples	DFNA5	_sample_type	_study	_primary_site
TCGA-E2-A1LL-01	TCGA-E2-A1LL-01	12.03	Primary Tumor	TCGA	Breast
TCGA-AR-A5QQ-01	TCGA-AR-A5QQ-01	11.38	Primary Tumor	TCGA	Breast
TCGA-BH-A0E0-01	TCGA-BH-A0E0-01	11.27	Primary Tumor	TCGA	Breast
GTEX-ZEX8-2226-SM-57WC6	GTEX-ZEX8-2226-SM-57WC6	11.1	Normal Tissue	GTEX	Breast
TCGA-BH-A6R9-01	TCGA-BH-A6R9-01	11.1	Primary Tumor	TCGA	Breast
TCGA-AR-A1AO-01	TCGA-AR-A1AO-01	10.9	Primary Tumor	TCGA	Breast
TCGA-AC-A2QH-01	TCGA-AC-A2QH-01	10.77	Primary Tumor	TCGA	Breast
GTEX-T5JW-2026-SM-4DM63	GTEX-T5JW-2026-SM-4DM63	10.66	Normal Tissue	GTEX	Breast
GTEX-12WSK-2226-SM-5GCO5	GTEX-12WSK-2226-SM-5GCO5	10.62	Normal Tissue	GTEX	Breast
TCGA-A7-A13D-01	TCGA-A7-A13D-01	10.47	Primary Tumor	TCGA	Breast
TCGA-E9-A1ND-11	TCGA-E9-A1ND-11	10.37	Solid Tissue Normal	TCGA	Breast
GTEX-ZF2S-2026-SM-5E461	GTEX-ZF2S-2026-SM-5E461	10.36	Normal Tissue	GTEX	Breast
GTEX-XUJ4-1926-SM-4BOOV	GTEX-XUJ4-1926-SM-4BOOV	10.35	Normal Tissue	GTEX	Breast
TCGA-BH-A1FE-06	TCGA-BH-A1FE-06	10.33	Metastatic	TCGA	Breast
GTEX-S33H-0326-SM-4AD6N	GTEX-S33H-0326-SM-4AD6N	10.28	Normal Tissue	GTEX	Breast
GTEX-XBED-1626-SM-47JYN	GTEX-XBED-1626-SM-47JYN	10.27	Normal Tissue	GTEX	Breast
TCGA-A2-A4S1-01	TCGA-A2-A4S1-01	10.26	Primary Tumor	TCGA	Breast
GTEX-YFC4-1426-SM-5IFJG	GTEX-YFC4-1426-SM-5IFJG	10.21	Normal Tissue	GTEX	Breast
TCGA-AC-A23H-11	TCGA-AC-A23H-11	10.21	Solid Tissue Normal	TCGA	Breast
GTEX-147F4-2826-SM-5NQBN	GTEX-147F4-2826-SM-5NQBN	10.18	Normal Tissue	GTEX	Breast
GTEX-13W46-0826-SM-5LU3H	GTEX-13W46-0826-SM-5LU3H	10.17	Normal Tissue	GTEX	Breast
TCGA-A8-A08H-01	TCGA-A8-A08H-01	10.16	Primary Tumor	TCGA	Breast
TCGA-A2-A3XX-01	TCGA-A2-A3XX-01	10.12	Primary Tumor	TCGA	Breast
GTEX-11ONC-2126-SM-5HL6E	GTEX-11ONC-2126-SM-5HL6E	10.07	Normal Tissue	GTEX	Breast
GTEX-ZVZQ-0826-SM-51MRF	GTEX-ZVZQ-0826-SM-51MRF	10.06	Normal Tissue	GTEX	Breast
TCGA-A7-A26I-01	TCGA-A7-A26I-01	10.05	Primary Tumor	TCGA	Breast
GTEX-ZVT4-1026-SM-57WC4	GTEX-ZVT4-1026-SM-57WC4	10.04	Normal Tissue	GTEX	Breast
GTEX-ZDXO-0126-SM-5S2ND	GTEX-ZDXO-0126-SM-5S2ND	10.03	Normal Tissue	GTEX	Breast
TCGA-D8-A1Y2-01	TCGA-D8-A1Y2-01	10.03	Primary Tumor	TCGA	Breast
GTEX-ZF29-1926-SM-5S2P1	GTEX-ZF29-1926-SM-5S2P1	10.02	Normal Tissue	GTEX	Breast
GTEX-Y3I4-1526-SM-4TT7K	GTEX-Y3I4-1526-SM-4TT7K	10	Normal Tissue	GTEX	Breast
GTEX-13O3O-0826-SM-5K7WE	GTEX-13O3O-0826-SM-5K7WE	9.998	Normal Tissue	GTEX	Breast
TCGA-D8-A73U-01	TCGA-D8-A73U-01	9.98	Primary Tumor	TCGA	Breast
GTEX-139T6-1626-SM-5PNYZ	GTEX-139T6-1626-SM-5PNYZ	9.946	Normal Tissue	GTEX	Breast
TCGA-AC-A2FF-11	TCGA-AC-A2FF-11	9.924	Solid Tissue Normal	TCGA	Breast
GTEX-ZPIC-1126-SM-5BC7F	GTEX-ZPIC-1126-SM-5BC7F	9.923	Normal Tissue	GTEX	Breast
TCGA-BH-A1EO-11	TCGA-BH-A1EO-11	9.906	Solid Tissue Normal	TCGA	Breast
TCGA-AN-A04D-01	TCGA-AN-A04D-01	9.901	Primary Tumor	TCGA	Breast
TCGA-A2-A3XS-01	TCGA-A2-A3XS-01	9.891	Primary Tumor	TCGA	Breast
TCGA-LL-A440-01	TCGA-LL-A440-01	9.86	Primary Tumor	TCGA	Breast
TCGA-B6-A3ZX-01	TCGA-B6-A3ZX-01	9.844	Primary Tumor	TCGA	Breast
GTEX-X15G-1626-SM-3NMB3	GTEX-X15G-1626-SM-3NMB3	9.84	Normal Tissue	GTEX	Breast
GTEX-U3ZN-1926-SM-4DXSG	GTEX-U3ZN-1926-SM-4DXSG	9.824	Normal Tissue	GTEX	Breast
GTEX-WYVS-1726-SM-3NMAY	GTEX-WYVS-1726-SM-3NMAY	9.821	Normal Tissue	GTEX	Breast
TCGA-A7-A0CE-01	TCGA-A7-A0CE-01	9.814	Primary Tumor	TCGA	Breast
GTEX-11I78-2226-SM-5PNYA	GTEX-11I78-2226-SM-5PNYA	9.786	Normal Tissue	GTEX	Breast
GTEX-ZYW4-0826-SM-5GIDG	GTEX-ZYW4-0826-SM-5GIDG	9.776	Normal Tissue	GTEX	Breast
TCGA-AC-A2FB-11	TCGA-AC-A2FB-11	9.772	Solid Tissue Normal	TCGA	Breast
GTEX-145MN-1926-SM-5SIAI	GTEX-145MN-1926-SM-5SIAI	9.761	Normal Tissue	GTEX	Breast
GTEX-11OF3-1926-SM-59889	GTEX-11OF3-1926-SM-59889	9.759	Normal Tissue	GTEX	Breast
GTEX-13D11-1026-SM-5IJFB	GTEX-13D11-1026-SM-5IJFB	9.752	Normal Tissue	GTEX	Breast
GTEX-UJHI-1426-SM-3DB9C	GTEX-UJHI-1426-SM-3DB9C	9.752	Normal Tissue	GTEX	Breast
TCGA-AN-A0XN-01	TCGA-AN-A0XN-01	9.739	Primary Tumor	TCGA	Breast
TCGA-BH-A18S-11	TCGA-BH-A18S-11	9.738	Solid Tissue Normal	TCGA	Breast
TCGA-AO-A12D-01	TCGA-AO-A12D-01	9.728	Primary Tumor	TCGA	Breast
TCGA-BH-A1EV-11	TCGA-BH-A1EV-11	9.719	Solid Tissue Normal	TCGA	Breast
TCGA-AN-A0AS-01	TCGA-AN-A0AS-01	9.709	Primary Tumor	TCGA	Breast
TCGA-A1-A0SP-01	TCGA-A1-A0SP-01	9.702	Primary Tumor	TCGA	Breast
GTEX-1117F-2826-SM-5GZXL	GTEX-1117F-2826-SM-5GZXL	9.696	Normal Tissue	GTEX	Breast
GTEX-ZU9S-1926-SM-5NQBP	GTEX-ZU9S-1926-SM-5NQBP	9.687	Normal Tissue	GTEX	Breast
GTEX-T6MN-0726-SM-32PML	GTEX-T6MN-0726-SM-32PML	9.686	Normal Tissue	GTEX	Breast
TCGA-E2-A153-11	TCGA-E2-A153-11	9.677	Solid Tissue Normal	TCGA	Breast
TCGA-A2-A0YM-01	TCGA-A2-A0YM-01	9.675	Primary Tumor	TCGA	Breast
TCGA-E2-A15K-11	TCGA-E2-A15K-11	9.672	Solid Tissue Normal	TCGA	Breast
TCGA-E9-A1RF-11	TCGA-E9-A1RF-11	9.67	Solid Tissue Normal	TCGA	Breast
TCGA-OL-A97C-01	TCGA-OL-A97C-01	9.67	Primary Tumor	TCGA	Breast
TCGA-E9-A1NA-01	TCGA-E9-A1NA-01	9.663	Primary Tumor	TCGA	Breast
TCGA-BH-A18V-11	TCGA-BH-A18V-11	9.654	Solid Tissue Normal	TCGA	Breast
GTEX-13N11-1726-SM-5J1OJ	GTEX-13N11-1726-SM-5J1OJ	9.648	Normal Tissue	GTEX	Breast
TCGA-LD-A9QF-01	TCGA-LD-A9QF-01	9.645	Primary Tumor	TCGA	Breast
GTEX-131YS-0626-SM-5EGKL	GTEX-131YS-0626-SM-5EGKL	9.643	Normal Tissue	GTEX	Breast
GTEX-X4XY-0926-SM-4E3JD	GTEX-X4XY-0926-SM-4E3JD	9.642	Normal Tissue	GTEX	Breast
GTEX-VJWN-0726-SM-3GIJ8	GTEX-VJWN-0726-SM-3GIJ8	9.64	Normal Tissue	GTEX	Breast
GTEX-WOFL-0826-SM-3MJG1	GTEX-WOFL-0826-SM-3MJG1	9.638	Normal Tissue	GTEX	Breast
TCGA-BH-A1FJ-11	TCGA-BH-A1FJ-11	9.635	Solid Tissue Normal	TCGA	Breast
GTEX-14753-2426-SM-5LU8U	GTEX-14753-2426-SM-5LU8U	9.63	Normal Tissue	GTEX	Breast
TCGA-BH-A1FR-11	TCGA-BH-A1FR-11	9.621	Solid Tissue Normal	TCGA	Breast
GTEX-13PL6-2926-SM-5L3I2	GTEX-13PL6-2926-SM-5L3I2	9.6	Normal Tissue	GTEX	Breast
GTEX-13NZ9-1026-SM-5MR5K	GTEX-13NZ9-1026-SM-5MR5K	9.585	Normal Tissue	GTEX	Breast
TCGA-A2-A0YE-01	TCGA-A2-A0YE-01	9.583	Primary Tumor	TCGA	Breast
GTEX-11GSO-1926-SM-5A5K3	GTEX-11GSO-1926-SM-5A5K3	9.575	Normal Tissue	GTEX	Breast
TCGA-E9-A1NF-11	TCGA-E9-A1NF-11	9.569	Solid Tissue Normal	TCGA	Breast
GTEX-ZYWO-2326-SM-5GZY4	GTEX-ZYWO-2326-SM-5GZY4	9.568	Normal Tissue	GTEX	Breast
TCGA-E9-A1RB-11	TCGA-E9-A1RB-11	9.564	Solid Tissue Normal	TCGA	Breast
GTEX-12WSB-0626-SM-59HJO	GTEX-12WSB-0626-SM-59HJO	9.556	Normal Tissue	GTEX	Breast
TCGA-E2-A158-01	TCGA-E2-A158-01	9.553	Primary Tumor	TCGA	Breast
TCGA-E9-A1R7-11	TCGA-E9-A1R7-11	9.552	Solid Tissue Normal	TCGA	Breast
TCGA-A8-A08Z-01	TCGA-A8-A08Z-01	9.55	Primary Tumor	TCGA	Breast
TCGA-E9-A1N5-11	TCGA-E9-A1N5-11	9.547	Solid Tissue Normal	TCGA	Breast
TCGA-BH-A0AZ-11	TCGA-BH-A0AZ-11	9.534	Solid Tissue Normal	TCGA	Breast
TCGA-E9-A1RH-11	TCGA-E9-A1RH-11	9.516	Solid Tissue Normal	TCGA	Breast
GTEX-WYJK-1326-SM-3NB2T	GTEX-WYJK-1326-SM-3NB2T	9.51	Normal Tissue	GTEX	Breast
GTEX-132AR-0826-SM-5EGK6	GTEX-132AR-0826-SM-5EGK6	9.505	Normal Tissue	GTEX	Breast
TCGA-A7-A13E-11	TCGA-A7-A13E-11	9.495	Solid Tissue Normal	TCGA	Breast
TCGA-BH-A1F8-11	TCGA-BH-A1F8-11	9.483	Solid Tissue Normal	TCGA	Breast
TCGA-EW-A2FR-01	TCGA-EW-A2FR-01	9.479	Primary Tumor	TCGA	Breast
TCGA-BH-A1F0-01	TCGA-BH-A1F0-01	9.478	Primary Tumor	TCGA	Breast
GTEX-R53T-1526-SM-48FEK	GTEX-R53T-1526-SM-48FEK	9.476	Normal Tissue	GTEX	Breast
GTEX-Y9LG-1426-SM-5IFJZ	GTEX-Y9LG-1426-SM-5IFJZ	9.474	Normal Tissue	GTEX	Breast
TCGA-AC-A2QJ-01	TCGA-AC-A2QJ-01	9.467	Primary Tumor	TCGA	Breast
TCGA-AR-A24S-01	TCGA-AR-A24S-01	9.466	Primary Tumor	TCGA	Breast
GTEX-WYBS-0926-SM-3NM94	GTEX-WYBS-0926-SM-3NM94	9.465	Normal Tissue	GTEX	Breast
TCGA-BH-A1F0-11	TCGA-BH-A1F0-11	9.458	Solid Tissue Normal	TCGA	Breast
TCGA-AO-A0J9-01	TCGA-AO-A0J9-01	9.458	Primary Tumor	TCGA	Breast
GTEX-13FHO-0826-SM-5L3E8	GTEX-13FHO-0826-SM-5L3E8	9.456	Normal Tissue	GTEX	Breast
TCGA-A7-A26F-01	TCGA-A7-A26F-01	9.455	Primary Tumor	TCGA	Breast
TCGA-D8-A1XM-01	TCGA-D8-A1XM-01	9.451	Primary Tumor	TCGA	Breast
TCGA-AC-A3OD-01	TCGA-AC-A3OD-01	9.435	Primary Tumor	TCGA	Breast
TCGA-D8-A27N-01	TCGA-D8-A27N-01	9.429	Primary Tumor	TCGA	Breast
TCGA-E9-A1RI-11	TCGA-E9-A1RI-11	9.425	Solid Tissue Normal	TCGA	Breast
TCGA-EW-A1PH-01	TCGA-EW-A1PH-01	9.416	Primary Tumor	TCGA	Breast
GTEX-VUSG-2226-SM-4KKZO	GTEX-VUSG-2226-SM-4KKZO	9.413	Normal Tissue	GTEX	Breast
TCGA-BH-A0BJ-11	TCGA-BH-A0BJ-11	9.41	Solid Tissue Normal	TCGA	Breast
GTEX-11EI6-0626-SM-5985T	GTEX-11EI6-0626-SM-5985T	9.406	Normal Tissue	GTEX	Breast
TCGA-BH-A0AW-01	TCGA-BH-A0AW-01	9.404	Primary Tumor	TCGA	Breast
GTEX-XMD2-0926-SM-4WWEF	GTEX-XMD2-0926-SM-4WWEF	9.396	Normal Tissue	GTEX	Breast
GTEX-13113-1726-SM-5GCOO	GTEX-13113-1726-SM-5GCOO	9.386	Normal Tissue	GTEX	Breast
TCGA-A7-A0DB-11	TCGA-A7-A0DB-11	9.386	Solid Tissue Normal	TCGA	Breast
TCGA-EW-A1P4-01	TCGA-EW-A1P4-01	9.385	Primary Tumor	TCGA	Breast
TCGA-BH-A18L-11	TCGA-BH-A18L-11	9.381	Solid Tissue Normal	TCGA	Breast
GTEX-133LE-1726-SM-5K7VQ	GTEX-133LE-1726-SM-5K7VQ	9.37	Normal Tissue	GTEX	Breast
TCGA-BH-A8G0-01	TCGA-BH-A8G0-01	9.37	Primary Tumor	TCGA	Breast
TCGA-AO-A0JL-01	TCGA-AO-A0JL-01	9.358	Primary Tumor	TCGA	Breast
TCGA-BH-A0BW-11	TCGA-BH-A0BW-11	9.352	Solid Tissue Normal	TCGA	Breast
GTEX-XV7Q-2326-SM-4BRVZ	GTEX-XV7Q-2326-SM-4BRVZ	9.351	Normal Tissue	GTEX	Breast
GTEX-TML8-1226-SM-32QON	GTEX-TML8-1226-SM-32QON	9.35	Normal Tissue	GTEX	Breast
GTEX-WRHU-0326-SM-3MJFY	GTEX-WRHU-0326-SM-3MJFY	9.349	Normal Tissue	GTEX	Breast
TCGA-A8-A08X-01	TCGA-A8-A08X-01	9.349	Primary Tumor	TCGA	Breast
GTEX-ZA64-1526-SM-5CVMD	GTEX-ZA64-1526-SM-5CVMD	9.347	Normal Tissue	GTEX	Breast
TCGA-BH-A1EN-11	TCGA-BH-A1EN-11	9.345	Solid Tissue Normal	TCGA	Breast
GTEX-ZXES-0826-SM-5E43C	GTEX-ZXES-0826-SM-5E43C	9.343	Normal Tissue	GTEX	Breast
TCGA-AC-A7VC-01	TCGA-AC-A7VC-01	9.334	Primary Tumor	TCGA	Breast
TCGA-BH-A1FM-11	TCGA-BH-A1FM-11	9.326	Solid Tissue Normal	TCGA	Breast
GTEX-YJ8O-2226-SM-5IFHW	GTEX-YJ8O-2226-SM-5IFHW	9.32	Normal Tissue	GTEX	Breast
TCGA-A7-A6VW-01	TCGA-A7-A6VW-01	9.318	Primary Tumor	TCGA	Breast
TCGA-BH-A204-11	TCGA-BH-A204-11	9.315	Solid Tissue Normal	TCGA	Breast
TCGA-AC-A2FK-01	TCGA-AC-A2FK-01	9.314	Primary Tumor	TCGA	Breast
TCGA-BH-A0AV-01	TCGA-BH-A0AV-01	9.312	Primary Tumor	TCGA	Breast
TCGA-E2-A1L9-01	TCGA-E2-A1L9-01	9.3	Primary Tumor	TCGA	Breast
TCGA-BH-A18U-11	TCGA-BH-A18U-11	9.299	Solid Tissue Normal	TCGA	Breast
TCGA-A7-A6VV-01	TCGA-A7-A6VV-01	9.293	Primary Tumor	TCGA	Breast
TCGA-JL-A3YW-01	TCGA-JL-A3YW-01	9.292	Primary Tumor	TCGA	Breast
GTEX-ZAJG-0626-SM-5HL8X	GTEX-ZAJG-0626-SM-5HL8X	9.288	Normal Tissue	GTEX	Breast
TCGA-E9-A1NG-01	TCGA-E9-A1NG-01	9.283	Primary Tumor	TCGA	Breast
GTEX-11EQ9-1826-SM-5Q5AJ	GTEX-11EQ9-1826-SM-5Q5AJ	9.278	Normal Tissue	GTEX	Breast
TCGA-E9-A1RD-11	TCGA-E9-A1RD-11	9.277	Solid Tissue Normal	TCGA	Breast
GTEX-11NV4-2026-SM-5N9DG	GTEX-11NV4-2026-SM-5N9DG	9.273	Normal Tissue	GTEX	Breast
GTEX-Y8LW-1626-SM-5IFHX	GTEX-Y8LW-1626-SM-5IFHX	9.273	Normal Tissue	GTEX	Breast
TCGA-BH-A1ET-11	TCGA-BH-A1ET-11	9.271	Solid Tissue Normal	TCGA	Breast
TCGA-D8-A27I-01	TCGA-D8-A27I-01	9.27	Primary Tumor	TCGA	Breast
TCGA-A2-A3XT-01	TCGA-A2-A3XT-01	9.269	Primary Tumor	TCGA	Breast
TCGA-BH-A0DG-11	TCGA-BH-A0DG-11	9.264	Solid Tissue Normal	TCGA	Breast
TCGA-AR-A24T-01	TCGA-AR-A24T-01	9.262	Primary Tumor	TCGA	Breast
GTEX-11ILO-2226-SM-5A5L1	GTEX-11ILO-2226-SM-5A5L1	9.26	Normal Tissue	GTEX	Breast
TCGA-A7-A3IY-01	TCGA-A7-A3IY-01	9.254	Primary Tumor	TCGA	Breast
GTEX-Y5V5-2126-SM-4WWFO	GTEX-Y5V5-2126-SM-4WWFO	9.253	Normal Tissue	GTEX	Breast
TCGA-AC-A2FM-11	TCGA-AC-A2FM-11	9.253	Solid Tissue Normal	TCGA	Breast
TCGA-B6-A1KF-01	TCGA-B6-A1KF-01	9.253	Primary Tumor	TCGA	Breast
TCGA-BH-A208-11	TCGA-BH-A208-11	9.252	Solid Tissue Normal	TCGA	Breast
TCGA-BH-A1FN-11	TCGA-BH-A1FN-11	9.251	Solid Tissue Normal	TCGA	Breast
GTEX-QVJO-1826-SM-447C9	GTEX-QVJO-1826-SM-447C9	9.25	Normal Tissue	GTEX	Breast
TCGA-OL-A5D6-01	TCGA-OL-A5D6-01	9.241	Primary Tumor	TCGA	Breast
TCGA-BH-A208-01	TCGA-BH-A208-01	9.234	Primary Tumor	TCGA	Breast
GTEX-11PRG-0826-SM-5EQ6A	GTEX-11PRG-0826-SM-5EQ6A	9.232	Normal Tissue	GTEX	Breast
TCGA-BH-A1FH-11	TCGA-BH-A1FH-11	9.228	Solid Tissue Normal	TCGA	Breast
TCGA-E2-A158-11	TCGA-E2-A158-11	9.228	Solid Tissue Normal	TCGA	Breast
TCGA-BH-A0B9-01	TCGA-BH-A0B9-01	9.224	Primary Tumor	TCGA	Breast
GTEX-ZDTT-2126-SM-5S2OJ	GTEX-ZDTT-2126-SM-5S2OJ	9.223	Normal Tissue	GTEX	Breast
TCGA-E9-A1N6-11	TCGA-E9-A1N6-11	9.216	Solid Tissue Normal	TCGA	Breast
GTEX-SE5C-2126-SM-4BRUJ	GTEX-SE5C-2126-SM-4BRUJ	9.215	Normal Tissue	GTEX	Breast
TCGA-BH-A0BV-11	TCGA-BH-A0BV-11	9.208	Solid Tissue Normal	TCGA	Breast
TCGA-BH-A209-11	TCGA-BH-A209-11	9.203	Solid Tissue Normal	TCGA	Breast
TCGA-A2-A0T3-01	TCGA-A2-A0T3-01	9.199	Primary Tumor	TCGA	Breast
TCGA-A7-A5ZX-01	TCGA-A7-A5ZX-01	9.197	Primary Tumor	TCGA	Breast
TCGA-AR-A0U4-01	TCGA-AR-A0U4-01	9.193	Primary Tumor	TCGA	Breast
GTEX-11P81-1926-SM-5BC53	GTEX-11P81-1926-SM-5BC53	9.192	Normal Tissue	GTEX	Breast
TCGA-E9-A1NF-01	TCGA-E9-A1NF-01	9.189	Primary Tumor	TCGA	Breast
TCGA-A7-A0DB-01	TCGA-A7-A0DB-01	9.184	Primary Tumor	TCGA	Breast
TCGA-BH-A1F6-11	TCGA-BH-A1F6-11	9.182	Solid Tissue Normal	TCGA	Breast
GTEX-12ZZX-1126-SM-5EGKB	GTEX-12ZZX-1126-SM-5EGKB	9.177	Normal Tissue	GTEX	Breast
GTEX-1192X-2326-SM-5987X	GTEX-1192X-2326-SM-5987X	9.174	Normal Tissue	GTEX	Breast
TCGA-BH-A0HK-11	TCGA-BH-A0HK-11	9.17	Solid Tissue Normal	TCGA	Breast
TCGA-A2-A0EP-01	TCGA-A2-A0EP-01	9.164	Primary Tumor	TCGA	Breast
GTEX-146FH-0826-SM-5SI8T	GTEX-146FH-0826-SM-5SI8T	9.159	Normal Tissue	GTEX	Breast
TCGA-LL-A73Z-01	TCGA-LL-A73Z-01	9.153	Primary Tumor	TCGA	Breast
GTEX-XMD1-0826-SM-4AT52	GTEX-XMD1-0826-SM-4AT52	9.151	Normal Tissue	GTEX	Breast
TCGA-AC-A6IV-01	TCGA-AC-A6IV-01	9.151	Primary Tumor	TCGA	Breast
GTEX-13W3W-1226-SM-5LU4H	GTEX-13W3W-1226-SM-5LU4H	9.15	Normal Tissue	GTEX	Breast
GTEX-RU1J-0626-SM-4WAWY	GTEX-RU1J-0626-SM-4WAWY	9.15	Normal Tissue	GTEX	Breast
TCGA-BH-A18M-11	TCGA-BH-A18M-11	9.149	Solid Tissue Normal	TCGA	Breast
TCGA-A8-A09D-01	TCGA-A8-A09D-01	9.148	Primary Tumor	TCGA	Breast
GTEX-WI4N-1426-SM-3LK7H	GTEX-WI4N-1426-SM-3LK7H	9.147	Normal Tissue	GTEX	Breast
GTEX-12KS4-0126-SM-5Q5A5	GTEX-12KS4-0126-SM-5Q5A5	9.143	Normal Tissue	GTEX	Breast
TCGA-GM-A2DL-01	TCGA-GM-A2DL-01	9.143	Primary Tumor	TCGA	Breast
TCGA-GI-A2C8-01	TCGA-GI-A2C8-01	9.138	Primary Tumor	TCGA	Breast
TCGA-A2-A25A-01	TCGA-A2-A25A-01	9.13	Primary Tumor	TCGA	Breast
TCGA-AN-A0XU-01	TCGA-AN-A0XU-01	9.127	Primary Tumor	TCGA	Breast
TCGA-LD-A74U-01	TCGA-LD-A74U-01	9.125	Primary Tumor	TCGA	Breast
TCGA-AQ-A0Y5-01	TCGA-AQ-A0Y5-01	9.116	Primary Tumor	TCGA	Breast
GTEX-11NSD-0926-SM-5N9DR	GTEX-11NSD-0926-SM-5N9DR	9.11	Normal Tissue	GTEX	Breast
TCGA-A7-A0CH-11	TCGA-A7-A0CH-11	9.106	Solid Tissue Normal	TCGA	Breast
TCGA-BH-A0DX-01	TCGA-BH-A0DX-01	9.106	Primary Tumor	TCGA	Breast
TCGA-C8-A26X-01	TCGA-C8-A26X-01	9.105	Primary Tumor	TCGA	Breast
GTEX-11WQC-1726-SM-5GU4W	GTEX-11WQC-1726-SM-5GU4W	9.103	Normal Tissue	GTEX	Breast
TCGA-A8-A07J-01	TCGA-A8-A07J-01	9.103	Primary Tumor	TCGA	Breast
TCGA-BH-A0DO-11	TCGA-BH-A0DO-11	9.102	Solid Tissue Normal	TCGA	Breast
TCGA-BH-A1FU-01	TCGA-BH-A1FU-01	9.101	Primary Tumor	TCGA	Breast
TCGA-A7-A13G-11	TCGA-A7-A13G-11	9.099	Solid Tissue Normal	TCGA	Breast
TCGA-E9-A1NA-11	TCGA-E9-A1NA-11	9.098	Solid Tissue Normal	TCGA	Breast
GTEX-X4EP-2926-SM-3P5YQ	GTEX-X4EP-2926-SM-3P5YQ	9.097	Normal Tissue	GTEX	Breast
TCGA-BH-A8FZ-01	TCGA-BH-A8FZ-01	9.097	Primary Tumor	TCGA	Breast
TCGA-E9-A1N4-11	TCGA-E9-A1N4-11	9.096	Solid Tissue Normal	TCGA	Breast
TCGA-A7-A0D9-11	TCGA-A7-A0D9-11	9.091	Solid Tissue Normal	TCGA	Breast
TCGA-A2-A0CW-01	TCGA-A2-A0CW-01	9.089	Primary Tumor	TCGA	Breast
TCGA-AO-A1KO-01	TCGA-AO-A1KO-01	9.088	Primary Tumor	TCGA	Breast
TCGA-A7-A26E-01	TCGA-A7-A26E-01	9.087	Primary Tumor	TCGA	Breast
TCGA-E2-A1AZ-01	TCGA-E2-A1AZ-01	9.086	Primary Tumor	TCGA	Breast
TCGA-E9-A1RC-11	TCGA-E9-A1RC-11	9.085	Solid Tissue Normal	TCGA	Breast
TCGA-BH-A18Q-11	TCGA-BH-A18Q-11	9.084	Solid Tissue Normal	TCGA	Breast
TCGA-BH-A0HP-01	TCGA-BH-A0HP-01	9.073	Primary Tumor	TCGA	Breast
TCGA-E2-A10F-01	TCGA-E2-A10F-01	9.073	Primary Tumor	TCGA	Breast
TCGA-AR-A2LJ-01	TCGA-AR-A2LJ-01	9.071	Primary Tumor	TCGA	Breast
GTEX-ZLV1-1426-SM-4WWES	GTEX-ZLV1-1426-SM-4WWES	9.07	Normal Tissue	GTEX	Breast
TCGA-A7-A13E-01	TCGA-A7-A13E-01	9.069	Primary Tumor	TCGA	Breast
GTEX-139T8-0826-SM-5L3DE	GTEX-139T8-0826-SM-5L3DE	9.067	Normal Tissue	GTEX	Breast
TCGA-BH-A1FH-01	TCGA-BH-A1FH-01	9.064	Primary Tumor	TCGA	Breast
TCGA-D8-A1JG-01	TCGA-D8-A1JG-01	9.061	Primary Tumor	TCGA	Breast
TCGA-A8-A07C-01	TCGA-A8-A07C-01	9.06	Primary Tumor	TCGA	Breast
TCGA-A2-A3KC-01	TCGA-A2-A3KC-01	9.058	Primary Tumor	TCGA	Breast
TCGA-D8-A1Y0-01	TCGA-D8-A1Y0-01	9.058	Primary Tumor	TCGA	Breast
TCGA-D8-A1XW-01	TCGA-D8-A1XW-01	9.054	Primary Tumor	TCGA	Breast
TCGA-E2-A1IH-01	TCGA-E2-A1IH-01	9.053	Primary Tumor	TCGA	Breast
GTEX-13FTY-2226-SM-5J1ND	GTEX-13FTY-2226-SM-5J1ND	9.049	Normal Tissue	GTEX	Breast
TCGA-BH-A18N-11	TCGA-BH-A18N-11	9.048	Solid Tissue Normal	TCGA	Breast
TCGA-A2-A0YL-01	TCGA-A2-A0YL-01	9.044	Primary Tumor	TCGA	Breast
TCGA-A2-A0CK-01	TCGA-A2-A0CK-01	9.043	Primary Tumor	TCGA	Breast
GTEX-ZF3C-2326-SM-5S2MZ	GTEX-ZF3C-2326-SM-5S2MZ	9.042	Normal Tissue	GTEX	Breast
GTEX-S341-1526-SM-4AD6K	GTEX-S341-1526-SM-4AD6K	9.038	Normal Tissue	GTEX	Breast
TCGA-EW-A1J2-01	TCGA-EW-A1J2-01	9.032	Primary Tumor	TCGA	Breast
GTEX-Q2AG-0326-SM-48U1O	GTEX-Q2AG-0326-SM-48U1O	9.03	Normal Tissue	GTEX	Breast
TCGA-D8-A147-01	TCGA-D8-A147-01	9.03	Primary Tumor	TCGA	Breast
TCGA-A2-A25F-01	TCGA-A2-A25F-01	9.029	Primary Tumor	TCGA	Breast
TCGA-BH-A5IZ-01	TCGA-BH-A5IZ-01	9.027	Primary Tumor	TCGA	Breast
TCGA-AO-A03U-01	TCGA-AO-A03U-01	9.024	Primary Tumor	TCGA	Breast
GTEX-YEC3-1026-SM-5IFI5	GTEX-YEC3-1026-SM-5IFI5	9.023	Normal Tissue	GTEX	Breast
TCGA-BH-A0DV-11	TCGA-BH-A0DV-11	9.017	Solid Tissue Normal	TCGA	Breast
TCGA-OL-A6VO-01	TCGA-OL-A6VO-01	9.014	Primary Tumor	TCGA	Breast
TCGA-BH-A1EU-11	TCGA-BH-A1EU-11	9.013	Solid Tissue Normal	TCGA	Breast
GTEX-ZC5H-2626-SM-5J2MG	GTEX-ZC5H-2626-SM-5J2MG	9.011	Normal Tissue	GTEX	Breast
GTEX-11EM3-1326-SM-5N9C6	GTEX-11EM3-1326-SM-5N9C6	9.005	Normal Tissue	GTEX	Breast
TCGA-AN-A0FN-01	TCGA-AN-A0FN-01	9.005	Primary Tumor	TCGA	Breast
TCGA-D8-A1X8-01	TCGA-D8-A1X8-01	9.004	Primary Tumor	TCGA	Breast
TCGA-BH-A18R-11	TCGA-BH-A18R-11	9.003	Solid Tissue Normal	TCGA	Breast
TCGA-BH-A0AY-11	TCGA-BH-A0AY-11	9	Solid Tissue Normal	TCGA	Breast
TCGA-E2-A1LS-01	TCGA-E2-A1LS-01	9	Primary Tumor	TCGA	Breast
TCGA-A8-A096-01	TCGA-A8-A096-01	8.998	Primary Tumor	TCGA	Breast
TCGA-A2-A1G6-01	TCGA-A2-A1G6-01	8.993	Primary Tumor	TCGA	Breast
TCGA-BH-A0BZ-11	TCGA-BH-A0BZ-11	8.984	Solid Tissue Normal	TCGA	Breast
TCGA-E2-A152-01	TCGA-E2-A152-01	8.983	Primary Tumor	TCGA	Breast
GTEX-WY7C-2726-SM-3NB3P	GTEX-WY7C-2726-SM-3NB3P	8.982	Normal Tissue	GTEX	Breast
GTEX-Y3IK-2326-SM-4WWDT	GTEX-Y3IK-2326-SM-4WWDT	8.982	Normal Tissue	GTEX	Breast
TCGA-AC-A2FF-01	TCGA-AC-A2FF-01	8.977	Primary Tumor	TCGA	Breast
TCGA-E9-A1N8-01	TCGA-E9-A1N8-01	8.977	Primary Tumor	TCGA	Breast
GTEX-QDT8-0626-SM-48TYW	GTEX-QDT8-0626-SM-48TYW	8.971	Normal Tissue	GTEX	Breast
TCGA-BH-A0BL-01	TCGA-BH-A0BL-01	8.968	Primary Tumor	TCGA	Breast
TCGA-AC-A23G-01	TCGA-AC-A23G-01	8.967	Primary Tumor	TCGA	Breast
TCGA-A7-A6VY-01	TCGA-A7-A6VY-01	8.965	Primary Tumor	TCGA	Breast
GTEX-13N1W-0626-SM-5MR4U	GTEX-13N1W-0626-SM-5MR4U	8.964	Normal Tissue	GTEX	Breast
GTEX-ZVT2-1826-SM-5NQ8W	GTEX-ZVT2-1826-SM-5NQ8W	8.964	Normal Tissue	GTEX	Breast
TCGA-BH-A203-11	TCGA-BH-A203-11	8.961	Solid Tissue Normal	TCGA	Breast
TCGA-E9-A245-01	TCGA-E9-A245-01	8.96	Primary Tumor	TCGA	Breast
TCGA-A2-A0SV-01	TCGA-A2-A0SV-01	8.959	Primary Tumor	TCGA	Breast
GTEX-U3ZH-1426-SM-4DXSR	GTEX-U3ZH-1426-SM-4DXSR	8.958	Normal Tissue	GTEX	Breast
GTEX-XYKS-1326-SM-4BRUN	GTEX-XYKS-1326-SM-4BRUN	8.958	Normal Tissue	GTEX	Breast
GTEX-13O3P-0826-SM-5L3DH	GTEX-13O3P-0826-SM-5L3DH	8.956	Normal Tissue	GTEX	Breast
TCGA-E2-A1LH-11	TCGA-E2-A1LH-11	8.955	Solid Tissue Normal	TCGA	Breast
TCGA-D8-A1JJ-01	TCGA-D8-A1JJ-01	8.951	Primary Tumor	TCGA	Breast
TCGA-A7-A0CE-11	TCGA-A7-A0CE-11	8.944	Solid Tissue Normal	TCGA	Breast
TCGA-AC-A3YJ-01	TCGA-AC-A3YJ-01	8.942	Primary Tumor	TCGA	Breast
TCGA-BH-A0DI-01	TCGA-BH-A0DI-01	8.941	Primary Tumor	TCGA	Breast
TCGA-E2-A15M-11	TCGA-E2-A15M-11	8.939	Solid Tissue Normal	TCGA	Breast
TCGA-GI-A2C9-11	TCGA-GI-A2C9-11	8.935	Solid Tissue Normal	TCGA	Breast
TCGA-BH-A1FG-11	TCGA-BH-A1FG-11	8.934	Solid Tissue Normal	TCGA	Breast
TCGA-AN-A0FX-01	TCGA-AN-A0FX-01	8.934	Primary Tumor	TCGA	Breast
TCGA-GI-A2C9-01	TCGA-GI-A2C9-01	8.934	Primary Tumor	TCGA	Breast
GTEX-14AS3-1626-SM-5S2OY	GTEX-14AS3-1626-SM-5S2OY	8.932	Normal Tissue	GTEX	Breast
TCGA-A1-A0SO-01	TCGA-A1-A0SO-01	8.924	Primary Tumor	TCGA	Breast
TCGA-XX-A89A-01	TCGA-XX-A89A-01	8.92	Primary Tumor	TCGA	Breast
TCGA-BH-A0DL-11	TCGA-BH-A0DL-11	8.917	Solid Tissue Normal	TCGA	Breast
TCGA-BH-A18I-01	TCGA-BH-A18I-01	8.916	Primary Tumor	TCGA	Breast
TCGA-E9-A1R3-01	TCGA-E9-A1R3-01	8.916	Primary Tumor	TCGA	Breast
TCGA-AR-A254-01	TCGA-AR-A254-01	8.913	Primary Tumor	TCGA	Breast
GTEX-ZY6K-1626-SM-5GZWV	GTEX-ZY6K-1626-SM-5GZWV	8.911	Normal Tissue	GTEX	Breast
TCGA-E9-A24A-01	TCGA-E9-A24A-01	8.911	Primary Tumor	TCGA	Breast
TCGA-AC-A3QP-01	TCGA-AC-A3QP-01	8.909	Primary Tumor	TCGA	Breast
TCGA-AC-A23E-01	TCGA-AC-A23E-01	8.908	Primary Tumor	TCGA	Breast
GTEX-11DXW-0626-SM-5N9ER	GTEX-11DXW-0626-SM-5N9ER	8.907	Normal Tissue	GTEX	Breast
GTEX-UPK5-2326-SM-3P5Z8	GTEX-UPK5-2326-SM-3P5Z8	8.903	Normal Tissue	GTEX	Breast
TCGA-BH-A0DH-11	TCGA-BH-A0DH-11	8.903	Solid Tissue Normal	TCGA	Breast
TCGA-BH-A0DK-11	TCGA-BH-A0DK-11	8.902	Solid Tissue Normal	TCGA	Breast
TCGA-A7-A26J-01	TCGA-A7-A26J-01	8.901	Primary Tumor	TCGA	Breast
TCGA-BH-A0DP-11	TCGA-BH-A0DP-11	8.899	Solid Tissue Normal	TCGA	Breast
TCGA-AR-A250-01	TCGA-AR-A250-01	8.899	Primary Tumor	TCGA	Breast
TCGA-AC-A62Y-01	TCGA-AC-A62Y-01	8.898	Primary Tumor	TCGA	Breast
GTEX-12WSN-1326-SM-5GCNT	GTEX-12WSN-1326-SM-5GCNT	8.897	Normal Tissue	GTEX	Breast
GTEX-11DXZ-1926-SM-5GZZL	GTEX-11DXZ-1926-SM-5GZZL	8.895	Normal Tissue	GTEX	Breast
GTEX-13O61-1826-SM-5KM4I	GTEX-13O61-1826-SM-5KM4I	8.895	Normal Tissue	GTEX	Breast
TCGA-A8-A097-01	TCGA-A8-A097-01	8.895	Primary Tumor	TCGA	Breast
TCGA-A8-A0A1-01	TCGA-A8-A0A1-01	8.895	Primary Tumor	TCGA	Breast
GTEX-ZWKS-2826-SM-5NQ74	GTEX-ZWKS-2826-SM-5NQ74	8.894	Normal Tissue	GTEX	Breast
GTEX-1313W-0826-SM-5EQ4T	GTEX-1313W-0826-SM-5EQ4T	8.893	Normal Tissue	GTEX	Breast
TCGA-Z7-A8R5-01	TCGA-Z7-A8R5-01	8.893	Primary Tumor	TCGA	Breast
TCGA-A2-A0SX-01	TCGA-A2-A0SX-01	8.891	Primary Tumor	TCGA	Breast
GTEX-11GS4-2126-SM-5A5KR	GTEX-11GS4-2126-SM-5A5KR	8.885	Normal Tissue	GTEX	Breast
TCGA-5L-AAT1-01	TCGA-5L-AAT1-01	8.885	Primary Tumor	TCGA	Breast
TCGA-A2-A0T7-01	TCGA-A2-A0T7-01	8.885	Primary Tumor	TCGA	Breast
TCGA-BH-A1EO-01	TCGA-BH-A1EO-01	8.883	Primary Tumor	TCGA	Breast
TCGA-E9-A22E-01	TCGA-E9-A22E-01	8.88	Primary Tumor	TCGA	Breast
TCGA-BH-A0BA-11	TCGA-BH-A0BA-11	8.879	Solid Tissue Normal	TCGA	Breast
TCGA-AO-A1KT-01	TCGA-AO-A1KT-01	8.878	Primary Tumor	TCGA	Breast
GTEX-139TU-0626-SM-5KM3X	GTEX-139TU-0626-SM-5KM3X	8.877	Normal Tissue	GTEX	Breast
GTEX-YB5K-1626-SM-5IFIN	GTEX-YB5K-1626-SM-5IFIN	8.876	Normal Tissue	GTEX	Breast
TCGA-A8-A0AD-01	TCGA-A8-A0AD-01	8.871	Primary Tumor	TCGA	Breast
TCGA-A8-A0A6-01	TCGA-A8-A0A6-01	8.87	Primary Tumor	TCGA	Breast
TCGA-D8-A1JK-01	TCGA-D8-A1JK-01	8.87	Primary Tumor	TCGA	Breast
TCGA-BH-A0DG-01	TCGA-BH-A0DG-01	8.866	Primary Tumor	TCGA	Breast
GTEX-WXYG-2226-SM-4E3IM	GTEX-WXYG-2226-SM-4E3IM	8.863	Normal Tissue	GTEX	Breast
TCGA-A8-A076-01	TCGA-A8-A076-01	8.859	Primary Tumor	TCGA	Breast
TCGA-AC-A2QI-01	TCGA-AC-A2QI-01	8.854	Primary Tumor	TCGA	Breast
TCGA-HN-A2OB-01	TCGA-HN-A2OB-01	8.852	Primary Tumor	TCGA	Breast
TCGA-BH-A0DD-11	TCGA-BH-A0DD-11	8.849	Solid Tissue Normal	TCGA	Breast
TCGA-HN-A2NL-01	TCGA-HN-A2NL-01	8.849	Primary Tumor	TCGA	Breast
TCGA-BH-A0DQ-11	TCGA-BH-A0DQ-11	8.846	Solid Tissue Normal	TCGA	Breast
GTEX-S32W-2026-SM-4AD6E	GTEX-S32W-2026-SM-4AD6E	8.844	Normal Tissue	GTEX	Breast
TCGA-C8-A12W-01	TCGA-C8-A12W-01	8.843	Primary Tumor	TCGA	Breast
TCGA-BH-A0E1-11	TCGA-BH-A0E1-11	8.842	Solid Tissue Normal	TCGA	Breast
TCGA-E2-A15I-11	TCGA-E2-A15I-11	8.842	Solid Tissue Normal	TCGA	Breast
TCGA-AC-A2FB-01	TCGA-AC-A2FB-01	8.838	Primary Tumor	TCGA	Breast
TCGA-BH-A0BQ-11	TCGA-BH-A0BQ-11	8.837	Solid Tissue Normal	TCGA	Breast
GTEX-Y114-2026-SM-4TT7L	GTEX-Y114-2026-SM-4TT7L	8.836	Normal Tissue	GTEX	Breast
TCGA-A2-A0ES-01	TCGA-A2-A0ES-01	8.836	Primary Tumor	TCGA	Breast
TCGA-AC-A3QQ-01	TCGA-AC-A3QQ-01	8.836	Primary Tumor	TCGA	Breast
TCGA-BH-A1EX-01	TCGA-BH-A1EX-01	8.835	Primary Tumor	TCGA	Breast
TCGA-A2-A0T5-01	TCGA-A2-A0T5-01	8.834	Primary Tumor	TCGA	Breast
TCGA-BH-A0BT-11	TCGA-BH-A0BT-11	8.83	Solid Tissue Normal	TCGA	Breast
TCGA-BH-A1FU-11	TCGA-BH-A1FU-11	8.83	Solid Tissue Normal	TCGA	Breast
TCGA-EW-A1P1-01	TCGA-EW-A1P1-01	8.829	Primary Tumor	TCGA	Breast
TCGA-AR-A2LR-01	TCGA-AR-A2LR-01	8.828	Primary Tumor	TCGA	Breast
GTEX-13FTX-1126-SM-5N9EN	GTEX-13FTX-1126-SM-5N9EN	8.827	Normal Tissue	GTEX	Breast
TCGA-E2-A1L7-11	TCGA-E2-A1L7-11	8.827	Solid Tissue Normal	TCGA	Breast
TCGA-C8-A275-01	TCGA-C8-A275-01	8.826	Primary Tumor	TCGA	Breast
TCGA-A7-A13F-11	TCGA-A7-A13F-11	8.825	Solid Tissue Normal	TCGA	Breast
TCGA-BH-A0DV-01	TCGA-BH-A0DV-01	8.824	Primary Tumor	TCGA	Breast
TCGA-BH-A5J0-01	TCGA-BH-A5J0-01	8.824	Primary Tumor	TCGA	Breast
TCGA-D8-A1JH-01	TCGA-D8-A1JH-01	8.824	Primary Tumor	TCGA	Breast
TCGA-BH-A1FB-11	TCGA-BH-A1FB-11	8.823	Solid Tissue Normal	TCGA	Breast
TCGA-C8-A12Q-01	TCGA-C8-A12Q-01	8.823	Primary Tumor	TCGA	Breast
TCGA-A7-A13H-01	TCGA-A7-A13H-01	8.821	Primary Tumor	TCGA	Breast
TCGA-E2-A1LI-01	TCGA-E2-A1LI-01	8.821	Primary Tumor	TCGA	Breast
TCGA-A8-A06P-01	TCGA-A8-A06P-01	8.82	Primary Tumor	TCGA	Breast
TCGA-BH-A1EW-11	TCGA-BH-A1EW-11	8.818	Solid Tissue Normal	TCGA	Breast
GTEX-1211K-1926-SM-5EQLB	GTEX-1211K-1926-SM-5EQLB	8.814	Normal Tissue	GTEX	Breast
TCGA-B6-A400-01	TCGA-B6-A400-01	8.808	Primary Tumor	TCGA	Breast
TCGA-C8-A12K-01	TCGA-C8-A12K-01	8.808	Primary Tumor	TCGA	Breast
TCGA-A7-A26H-01	TCGA-A7-A26H-01	8.806	Primary Tumor	TCGA	Breast
TCGA-LL-A442-01	TCGA-LL-A442-01	8.802	Primary Tumor	TCGA	Breast
TCGA-A1-A0SN-01	TCGA-A1-A0SN-01	8.8	Primary Tumor	TCGA	Breast
TCGA-D8-A1JU-01	TCGA-D8-A1JU-01	8.8	Primary Tumor	TCGA	Breast
TCGA-BH-A0DZ-11	TCGA-BH-A0DZ-11	8.799	Solid Tissue Normal	TCGA	Breast
TCGA-E9-A1RH-01	TCGA-E9-A1RH-01	8.796	Primary Tumor	TCGA	Breast
TCGA-AR-A0TP-01	TCGA-AR-A0TP-01	8.794	Primary Tumor	TCGA	Breast
TCGA-BH-A0B7-11	TCGA-BH-A0B7-11	8.792	Solid Tissue Normal	TCGA	Breast
TCGA-A2-A0EO-01	TCGA-A2-A0EO-01	8.791	Primary Tumor	TCGA	Breast
TCGA-B6-A0RQ-01	TCGA-B6-A0RQ-01	8.787	Primary Tumor	TCGA	Breast
TCGA-BH-A2L8-01	TCGA-BH-A2L8-01	8.786	Primary Tumor	TCGA	Breast
TCGA-A2-A1FZ-01	TCGA-A2-A1FZ-01	8.784	Primary Tumor	TCGA	Breast
TCGA-BH-A1FN-01	TCGA-BH-A1FN-01	8.783	Primary Tumor	TCGA	Breast
TCGA-E9-A1RF-01	TCGA-E9-A1RF-01	8.782	Primary Tumor	TCGA	Breast
TCGA-BH-A42T-01	TCGA-BH-A42T-01	8.781	Primary Tumor	TCGA	Breast
GTEX-ZTX8-1226-SM-4YCE9	GTEX-ZTX8-1226-SM-4YCE9	8.779	Normal Tissue	GTEX	Breast
TCGA-AQ-A04J-01	TCGA-AQ-A04J-01	8.775	Primary Tumor	TCGA	Breast
TCGA-AR-A0TT-01	TCGA-AR-A0TT-01	8.773	Primary Tumor	TCGA	Breast
GTEX-Y5LM-1726-SM-4VDSX	GTEX-Y5LM-1726-SM-4VDSX	8.772	Normal Tissue	GTEX	Breast
TCGA-D8-A142-01	TCGA-D8-A142-01	8.772	Primary Tumor	TCGA	Breast
TCGA-BH-A1FE-11	TCGA-BH-A1FE-11	8.767	Solid Tissue Normal	TCGA	Breast
TCGA-A2-A0EN-01	TCGA-A2-A0EN-01	8.764	Primary Tumor	TCGA	Breast
TCGA-D8-A1Y1-01	TCGA-D8-A1Y1-01	8.762	Primary Tumor	TCGA	Breast
TCGA-BH-A0BR-01	TCGA-BH-A0BR-01	8.76	Primary Tumor	TCGA	Breast
TCGA-BH-A0EB-01	TCGA-BH-A0EB-01	8.759	Primary Tumor	TCGA	Breast
TCGA-AC-A3HN-01	TCGA-AC-A3HN-01	8.757	Primary Tumor	TCGA	Breast
TCGA-BH-A1F2-11	TCGA-BH-A1F2-11	8.753	Solid Tissue Normal	TCGA	Breast
TCGA-AN-A0AT-01	TCGA-AN-A0AT-01	8.746	Primary Tumor	TCGA	Breast
TCGA-D8-A1JD-01	TCGA-D8-A1JD-01	8.746	Primary Tumor	TCGA	Breast
TCGA-5L-AAT0-01	TCGA-5L-AAT0-01	8.745	Primary Tumor	TCGA	Breast
TCGA-BH-A0AU-11	TCGA-BH-A0AU-11	8.743	Solid Tissue Normal	TCGA	Breast
TCGA-E2-A14X-01	TCGA-E2-A14X-01	8.743	Primary Tumor	TCGA	Breast
TCGA-E2-A1B1-01	TCGA-E2-A1B1-01	8.742	Primary Tumor	TCGA	Breast
TCGA-BH-A0AZ-01	TCGA-BH-A0AZ-01	8.741	Primary Tumor	TCGA	Breast
TCGA-B6-A0IJ-01	TCGA-B6-A0IJ-01	8.74	Primary Tumor	TCGA	Breast
TCGA-BH-A0DT-11	TCGA-BH-A0DT-11	8.739	Solid Tissue Normal	TCGA	Breast
TCGA-AR-A251-01	TCGA-AR-A251-01	8.739	Primary Tumor	TCGA	Breast
TCGA-BH-A0BC-11	TCGA-BH-A0BC-11	8.737	Solid Tissue Normal	TCGA	Breast
TCGA-A2-A3XY-01	TCGA-A2-A3XY-01	8.735	Primary Tumor	TCGA	Breast
GTEX-Y5V6-2126-SM-4WWFX	GTEX-Y5V6-2126-SM-4WWFX	8.733	Normal Tissue	GTEX	Breast
TCGA-E9-A243-01	TCGA-E9-A243-01	8.733	Primary Tumor	TCGA	Breast
TCGA-E9-A1N4-01	TCGA-E9-A1N4-01	8.725	Primary Tumor	TCGA	Breast
GTEX-R55D-0826-SM-48FEA	GTEX-R55D-0826-SM-48FEA	8.722	Normal Tissue	GTEX	Breast
TCGA-BH-A0H7-11	TCGA-BH-A0H7-11	8.722	Solid Tissue Normal	TCGA	Breast
GTEX-S4UY-0726-SM-4AD6X	GTEX-S4UY-0726-SM-4AD6X	8.721	Normal Tissue	GTEX	Breast
TCGA-BH-A1FD-11	TCGA-BH-A1FD-11	8.721	Solid Tissue Normal	TCGA	Breast
GTEX-ZQG8-0726-SM-5P9H9	GTEX-ZQG8-0726-SM-5P9H9	8.718	Normal Tissue	GTEX	Breast
TCGA-E9-A1NH-01	TCGA-E9-A1NH-01	8.718	Primary Tumor	TCGA	Breast
TCGA-EW-A1IW-01	TCGA-EW-A1IW-01	8.718	Primary Tumor	TCGA	Breast
TCGA-AR-A255-01	TCGA-AR-A255-01	8.71	Primary Tumor	TCGA	Breast
TCGA-BH-A1EU-01	TCGA-BH-A1EU-01	8.71	Primary Tumor	TCGA	Breast
GTEX-ZVE2-1226-SM-5NQ8R	GTEX-ZVE2-1226-SM-5NQ8R	8.708	Normal Tissue	GTEX	Breast
TCGA-A2-A0CV-01	TCGA-A2-A0CV-01	8.706	Primary Tumor	TCGA	Breast
TCGA-A2-A0D1-01	TCGA-A2-A0D1-01	8.705	Primary Tumor	TCGA	Breast
TCGA-BH-A202-01	TCGA-BH-A202-01	8.705	Primary Tumor	TCGA	Breast
TCGA-D8-A1XT-01	TCGA-D8-A1XT-01	8.704	Primary Tumor	TCGA	Breast
TCGA-D8-A141-01	TCGA-D8-A141-01	8.703	Primary Tumor	TCGA	Breast
TCGA-E2-A1LB-11	TCGA-E2-A1LB-11	8.701	Solid Tissue Normal	TCGA	Breast
TCGA-AR-A2LQ-01	TCGA-AR-A2LQ-01	8.701	Primary Tumor	TCGA	Breast
GTEX-T6MO-0326-SM-32QOK	GTEX-T6MO-0326-SM-32QOK	8.7	Normal Tissue	GTEX	Breast
TCGA-C8-A132-01	TCGA-C8-A132-01	8.694	Primary Tumor	TCGA	Breast
TCGA-BH-A0E9-01	TCGA-BH-A0E9-01	8.693	Primary Tumor	TCGA	Breast
GTEX-13QIC-2326-SM-5LU5N	GTEX-13QIC-2326-SM-5LU5N	8.692	Normal Tissue	GTEX	Breast
TCGA-GM-A4E0-01	TCGA-GM-A4E0-01	8.691	Primary Tumor	TCGA	Breast
TCGA-D8-A1XK-01	TCGA-D8-A1XK-01	8.686	Primary Tumor	TCGA	Breast
GTEX-ZVTK-0326-SM-51MRR	GTEX-ZVTK-0326-SM-51MRR	8.685	Normal Tissue	GTEX	Breast
TCGA-A7-A0DC-11	TCGA-A7-A0DC-11	8.679	Solid Tissue Normal	TCGA	Breast
TCGA-AN-A04A-01	TCGA-AN-A04A-01	8.679	Primary Tumor	TCGA	Breast
TCGA-BH-A28O-01	TCGA-BH-A28O-01	8.678	Primary Tumor	TCGA	Breast
TCGA-BH-A42V-01	TCGA-BH-A42V-01	8.676	Primary Tumor	TCGA	Breast
TCGA-A1-A0SM-01	TCGA-A1-A0SM-01	8.674	Primary Tumor	TCGA	Breast
TCGA-C8-A12O-01	TCGA-C8-A12O-01	8.674	Primary Tumor	TCGA	Breast
TCGA-E9-A1NG-11	TCGA-E9-A1NG-11	8.672	Solid Tissue Normal	TCGA	Breast
TCGA-BH-A0C3-01	TCGA-BH-A0C3-01	8.672	Primary Tumor	TCGA	Breast
TCGA-E9-A1RI-01	TCGA-E9-A1RI-01	8.672	Primary Tumor	TCGA	Breast
TCGA-LD-A66U-01	TCGA-LD-A66U-01	8.67	Primary Tumor	TCGA	Breast
TCGA-S3-AA15-01	TCGA-S3-AA15-01	8.67	Primary Tumor	TCGA	Breast
TCGA-EW-A1J5-01	TCGA-EW-A1J5-01	8.669	Primary Tumor	TCGA	Breast
GTEX-117YX-1426-SM-5H12H	GTEX-117YX-1426-SM-5H12H	8.668	Normal Tissue	GTEX	Breast
TCGA-BH-A0DQ-01	TCGA-BH-A0DQ-01	8.668	Primary Tumor	TCGA	Breast
TCGA-E9-A229-01	TCGA-E9-A229-01	8.667	Primary Tumor	TCGA	Breast
TCGA-AN-A0FS-01	TCGA-AN-A0FS-01	8.664	Primary Tumor	TCGA	Breast
TCGA-AR-A1AR-01	TCGA-AR-A1AR-01	8.663	Primary Tumor	TCGA	Breast
TCGA-B6-A0IH-01	TCGA-B6-A0IH-01	8.663	Primary Tumor	TCGA	Breast
TCGA-A2-A04T-01	TCGA-A2-A04T-01	8.661	Primary Tumor	TCGA	Breast
TCGA-D8-A27G-01	TCGA-D8-A27G-01	8.656	Primary Tumor	TCGA	Breast
TCGA-AC-A3W5-01	TCGA-AC-A3W5-01	8.654	Primary Tumor	TCGA	Breast
TCGA-E2-A15F-01	TCGA-E2-A15F-01	8.654	Primary Tumor	TCGA	Breast
TCGA-E2-A574-01	TCGA-E2-A574-01	8.654	Primary Tumor	TCGA	Breast
TCGA-BH-A0B3-11	TCGA-BH-A0B3-11	8.653	Solid Tissue Normal	TCGA	Breast
GTEX-ZDYS-1126-SM-5K7UB	GTEX-ZDYS-1126-SM-5K7UB	8.651	Normal Tissue	GTEX	Breast
TCGA-BH-A0DS-01	TCGA-BH-A0DS-01	8.648	Primary Tumor	TCGA	Breast
TCGA-AR-A1AN-01	TCGA-AR-A1AN-01	8.646	Primary Tumor	TCGA	Breast
TCGA-AR-A2LL-01	TCGA-AR-A2LL-01	8.646	Primary Tumor	TCGA	Breast
TCGA-E9-A1R4-01	TCGA-E9-A1R4-01	8.646	Primary Tumor	TCGA	Breast
TCGA-BH-A1FC-11	TCGA-BH-A1FC-11	8.644	Solid Tissue Normal	TCGA	Breast
TCGA-B6-A0IN-01	TCGA-B6-A0IN-01	8.643	Primary Tumor	TCGA	Breast
GTEX-13OW8-0226-SM-5K7UP	GTEX-13OW8-0226-SM-5K7UP	8.641	Normal Tissue	GTEX	Breast
TCGA-LL-A6FR-01	TCGA-LL-A6FR-01	8.639	Primary Tumor	TCGA	Breast
TCGA-BH-A0BC-01	TCGA-BH-A0BC-01	8.635	Primary Tumor	TCGA	Breast
GTEX-11P7K-0726-SM-5EGKX	GTEX-11P7K-0726-SM-5EGKX	8.63	Normal Tissue	GTEX	Breast
TCGA-C8-A134-01	TCGA-C8-A134-01	8.627	Primary Tumor	TCGA	Breast
TCGA-EW-A1IY-01	TCGA-EW-A1IY-01	8.627	Primary Tumor	TCGA	Breast
TCGA-D8-A146-01	TCGA-D8-A146-01	8.625	Primary Tumor	TCGA	Breast
TCGA-LL-A740-01	TCGA-LL-A740-01	8.621	Primary Tumor	TCGA	Breast
TCGA-BH-A1FM-01	TCGA-BH-A1FM-01	8.619	Primary Tumor	TCGA	Breast
TCGA-AR-A24V-01	TCGA-AR-A24V-01	8.618	Primary Tumor	TCGA	Breast
TCGA-BH-A18J-11	TCGA-BH-A18J-11	8.614	Solid Tissue Normal	TCGA	Breast
TCGA-BH-A42U-01	TCGA-BH-A42U-01	8.613	Primary Tumor	TCGA	Breast
TCGA-BH-A0HA-11	TCGA-BH-A0HA-11	8.612	Solid Tissue Normal	TCGA	Breast
TCGA-BH-A0BF-01	TCGA-BH-A0BF-01	8.609	Primary Tumor	TCGA	Breast
GTEX-131XW-0726-SM-5EGK3	GTEX-131XW-0726-SM-5EGK3	8.606	Normal Tissue	GTEX	Breast
TCGA-AC-A3YI-01	TCGA-AC-A3YI-01	8.606	Primary Tumor	TCGA	Breast
TCGA-AR-A1AH-01	TCGA-AR-A1AH-01	8.605	Primary Tumor	TCGA	Breast
TCGA-E2-A1IG-11	TCGA-E2-A1IG-11	8.603	Solid Tissue Normal	TCGA	Breast
TCGA-E9-A5FL-01	TCGA-E9-A5FL-01	8.603	Primary Tumor	TCGA	Breast
GTEX-ZV6S-1826-SM-5NQ8D	GTEX-ZV6S-1826-SM-5NQ8D	8.601	Normal Tissue	GTEX	Breast
TCGA-GM-A2DF-01	TCGA-GM-A2DF-01	8.599	Primary Tumor	TCGA	Breast
GTEX-XUW1-2326-SM-4BOO5	GTEX-XUW1-2326-SM-4BOO5	8.598	Normal Tissue	GTEX	Breast
TCGA-A2-A4RY-01	TCGA-A2-A4RY-01	8.598	Primary Tumor	TCGA	Breast
TCGA-A8-A08I-01	TCGA-A8-A08I-01	8.597	Primary Tumor	TCGA	Breast
TCGA-BH-A1FB-01	TCGA-BH-A1FB-01	8.594	Primary Tumor	TCGA	Breast
TCGA-A2-A0YD-01	TCGA-A2-A0YD-01	8.59	Primary Tumor	TCGA	Breast
TCGA-BH-A0B5-11	TCGA-BH-A0B5-11	8.588	Solid Tissue Normal	TCGA	Breast
TCGA-A8-A07F-01	TCGA-A8-A07F-01	8.588	Primary Tumor	TCGA	Breast
TCGA-E2-A15M-01	TCGA-E2-A15M-01	8.585	Primary Tumor	TCGA	Breast
TCGA-BH-A0W7-01	TCGA-BH-A0W7-01	8.583	Primary Tumor	TCGA	Breast
TCGA-E9-A1ND-01	TCGA-E9-A1ND-01	8.58	Primary Tumor	TCGA	Breast
TCGA-A2-A0CZ-01	TCGA-A2-A0CZ-01	8.578	Primary Tumor	TCGA	Breast
TCGA-E2-A14S-01	TCGA-E2-A14S-01	8.578	Primary Tumor	TCGA	Breast
TCGA-E2-A1IG-01	TCGA-E2-A1IG-01	8.578	Primary Tumor	TCGA	Breast
TCGA-D8-A13Y-01	TCGA-D8-A13Y-01	8.577	Primary Tumor	TCGA	Breast
TCGA-OL-A66P-01	TCGA-OL-A66P-01	8.577	Primary Tumor	TCGA	Breast
TCGA-BH-A0DP-01	TCGA-BH-A0DP-01	8.573	Primary Tumor	TCGA	Breast
TCGA-BH-A0H3-01	TCGA-BH-A0H3-01	8.571	Primary Tumor	TCGA	Breast
TCGA-PL-A8LY-01	TCGA-PL-A8LY-01	8.567	Primary Tumor	TCGA	Breast
TCGA-D8-A143-01	TCGA-D8-A143-01	8.566	Primary Tumor	TCGA	Breast
TCGA-B6-A0RS-01	TCGA-B6-A0RS-01	8.562	Primary Tumor	TCGA	Breast
TCGA-BH-A0BS-11	TCGA-BH-A0BS-11	8.561	Solid Tissue Normal	TCGA	Breast
TCGA-C8-A8HQ-01	TCGA-C8-A8HQ-01	8.559	Primary Tumor	TCGA	Breast
TCGA-D8-A1JL-01	TCGA-D8-A1JL-01	8.558	Primary Tumor	TCGA	Breast
TCGA-BH-A0B8-11	TCGA-BH-A0B8-11	8.555	Solid Tissue Normal	TCGA	Breast
TCGA-AR-A24O-01	TCGA-AR-A24O-01	8.553	Primary Tumor	TCGA	Breast
TCGA-A8-A086-01	TCGA-A8-A086-01	8.546	Primary Tumor	TCGA	Breast
TCGA-D8-A4Z1-01	TCGA-D8-A4Z1-01	8.545	Primary Tumor	TCGA	Breast
TCGA-A7-A13G-01	TCGA-A7-A13G-01	8.542	Primary Tumor	TCGA	Breast
TCGA-A8-A06R-01	TCGA-A8-A06R-01	8.542	Primary Tumor	TCGA	Breast
TCGA-A8-A090-01	TCGA-A8-A090-01	8.541	Primary Tumor	TCGA	Breast
TCGA-LL-A5YO-01	TCGA-LL-A5YO-01	8.54	Primary Tumor	TCGA	Breast
TCGA-A8-A0A7-01	TCGA-A8-A0A7-01	8.539	Primary Tumor	TCGA	Breast
GTEX-ZV7C-1826-SM-5NQ83	GTEX-ZV7C-1826-SM-5NQ83	8.531	Normal Tissue	GTEX	Breast
TCGA-E2-A159-01	TCGA-E2-A159-01	8.531	Primary Tumor	TCGA	Breast
TCGA-AC-A2B8-01	TCGA-AC-A2B8-01	8.53	Primary Tumor	TCGA	Breast
TCGA-A2-A0SW-01	TCGA-A2-A0SW-01	8.529	Primary Tumor	TCGA	Breast
TCGA-A2-A0YJ-01	TCGA-A2-A0YJ-01	8.523	Primary Tumor	TCGA	Breast
TCGA-A7-A3J1-01	TCGA-A7-A3J1-01	8.523	Primary Tumor	TCGA	Breast
TCGA-BH-A0HO-01	TCGA-BH-A0HO-01	8.522	Primary Tumor	TCGA	Breast
TCGA-BH-A1F6-01	TCGA-BH-A1F6-01	8.522	Primary Tumor	TCGA	Breast
TCGA-AR-A2LK-01	TCGA-AR-A2LK-01	8.521	Primary Tumor	TCGA	Breast
TCGA-E2-A153-01	TCGA-E2-A153-01	8.519	Primary Tumor	TCGA	Breast
TCGA-E9-A6HE-01	TCGA-E9-A6HE-01	8.516	Primary Tumor	TCGA	Breast
TCGA-B6-A0WY-01	TCGA-B6-A0WY-01	8.515	Primary Tumor	TCGA	Breast
TCGA-A8-A075-01	TCGA-A8-A075-01	8.513	Primary Tumor	TCGA	Breast
TCGA-D8-A1JE-01	TCGA-D8-A1JE-01	8.512	Primary Tumor	TCGA	Breast
TCGA-EW-A3U0-01	TCGA-EW-A3U0-01	8.51	Primary Tumor	TCGA	Breast
TCGA-A2-A1G1-01	TCGA-A2-A1G1-01	8.508	Primary Tumor	TCGA	Breast
TCGA-A1-A0SH-01	TCGA-A1-A0SH-01	8.506	Primary Tumor	TCGA	Breast
TCGA-AO-A0J5-01	TCGA-AO-A0J5-01	8.504	Primary Tumor	TCGA	Breast
GTEX-13S86-1226-SM-5S2OA	GTEX-13S86-1226-SM-5S2OA	8.502	Normal Tissue	GTEX	Breast
TCGA-AC-A6IX-01	TCGA-AC-A6IX-01	8.502	Primary Tumor	TCGA	Breast
TCGA-BH-A18P-11	TCGA-BH-A18P-11	8.501	Solid Tissue Normal	TCGA	Breast
TCGA-C8-A8HP-01	TCGA-C8-A8HP-01	8.5	Primary Tumor	TCGA	Breast
TCGA-A2-A0SY-01	TCGA-A2-A0SY-01	8.499	Primary Tumor	TCGA	Breast
TCGA-A8-A09Q-01	TCGA-A8-A09Q-01	8.499	Primary Tumor	TCGA	Breast
TCGA-A7-A26G-01	TCGA-A7-A26G-01	8.498	Primary Tumor	TCGA	Breast
TCGA-D8-A1X5-01	TCGA-D8-A1X5-01	8.498	Primary Tumor	TCGA	Breast
TCGA-BH-A0H9-11	TCGA-BH-A0H9-11	8.495	Solid Tissue Normal	TCGA	Breast
TCGA-AR-A5QM-01	TCGA-AR-A5QM-01	8.486	Primary Tumor	TCGA	Breast
GTEX-111YS-1926-SM-5GICC	GTEX-111YS-1926-SM-5GICC	8.481	Normal Tissue	GTEX	Breast
TCGA-B6-A0RI-01	TCGA-B6-A0RI-01	8.481	Primary Tumor	TCGA	Breast
TCGA-BH-A0B5-01	TCGA-BH-A0B5-01	8.481	Primary Tumor	TCGA	Breast
TCGA-D8-A1X9-01	TCGA-D8-A1X9-01	8.481	Primary Tumor	TCGA	Breast
TCGA-BH-A0H7-01	TCGA-BH-A0H7-01	8.48	Primary Tumor	TCGA	Breast
TCGA-E9-A1N9-11	TCGA-E9-A1N9-11	8.478	Solid Tissue Normal	TCGA	Breast
TCGA-A8-A09X-01	TCGA-A8-A09X-01	8.478	Primary Tumor	TCGA	Breast
TCGA-AR-A1AP-01	TCGA-AR-A1AP-01	8.476	Primary Tumor	TCGA	Breast
TCGA-BH-A0HF-01	TCGA-BH-A0HF-01	8.476	Primary Tumor	TCGA	Breast
TCGA-D8-A1XG-01	TCGA-D8-A1XG-01	8.474	Primary Tumor	TCGA	Breast
TCGA-GM-A2DK-01	TCGA-GM-A2DK-01	8.473	Primary Tumor	TCGA	Breast
TCGA-A2-A04U-01	TCGA-A2-A04U-01	8.469	Primary Tumor	TCGA	Breast
TCGA-AO-A12E-01	TCGA-AO-A12E-01	8.459	Primary Tumor	TCGA	Breast
TCGA-A8-A09R-01	TCGA-A8-A09R-01	8.457	Primary Tumor	TCGA	Breast
TCGA-BH-A201-01	TCGA-BH-A201-01	8.457	Primary Tumor	TCGA	Breast
TCGA-C8-A12T-01	TCGA-C8-A12T-01	8.457	Primary Tumor	TCGA	Breast
TCGA-BH-A0B2-01	TCGA-BH-A0B2-01	8.454	Primary Tumor	TCGA	Breast
TCGA-E2-A15L-01	TCGA-E2-A15L-01	8.446	Primary Tumor	TCGA	Breast
TCGA-A8-A07G-01	TCGA-A8-A07G-01	8.441	Primary Tumor	TCGA	Breast
TCGA-AO-A0JA-01	TCGA-AO-A0JA-01	8.441	Primary Tumor	TCGA	Breast
TCGA-BH-A1EY-01	TCGA-BH-A1EY-01	8.441	Primary Tumor	TCGA	Breast
TCGA-E2-A1B0-01	TCGA-E2-A1B0-01	8.44	Primary Tumor	TCGA	Breast
GTEX-YB5E-1726-SM-5IFJ3	GTEX-YB5E-1726-SM-5IFJ3	8.439	Normal Tissue	GTEX	Breast
TCGA-C8-A1HI-01	TCGA-C8-A1HI-01	8.437	Primary Tumor	TCGA	Breast
TCGA-E9-A22A-01	TCGA-E9-A22A-01	8.436	Primary Tumor	TCGA	Breast
GTEX-R55F-1726-SM-2TF4R	GTEX-R55F-1726-SM-2TF4R	8.435	Normal Tissue	GTEX	Breast
GTEX-XMK1-1126-SM-4IHJ8	GTEX-XMK1-1126-SM-4IHJ8	8.435	Normal Tissue	GTEX	Breast
TCGA-E9-A1QZ-01	TCGA-E9-A1QZ-01	8.434	Primary Tumor	TCGA	Breast
TCGA-AC-A5EH-01	TCGA-AC-A5EH-01	8.432	Primary Tumor	TCGA	Breast
TCGA-E2-A14U-01	TCGA-E2-A14U-01	8.43	Primary Tumor	TCGA	Breast
TCGA-GM-A2DD-01	TCGA-GM-A2DD-01	8.429	Primary Tumor	TCGA	Breast
TCGA-BH-A1EV-01	TCGA-BH-A1EV-01	8.427	Primary Tumor	TCGA	Breast
TCGA-A7-A0DA-01	TCGA-A7-A0DA-01	8.426	Primary Tumor	TCGA	Breast
TCGA-D8-A1J9-01	TCGA-D8-A1J9-01	8.426	Primary Tumor	TCGA	Breast
TCGA-AR-A2LM-01	TCGA-AR-A2LM-01	8.425	Primary Tumor	TCGA	Breast
TCGA-BH-A0B7-01	TCGA-BH-A0B7-01	8.425	Primary Tumor	TCGA	Breast
TCGA-AR-A0TS-01	TCGA-AR-A0TS-01	8.424	Primary Tumor	TCGA	Breast
TCGA-AO-A0JF-01	TCGA-AO-A0JF-01	8.422	Primary Tumor	TCGA	Breast
GTEX-14ABY-2126-SM-5QGQZ	GTEX-14ABY-2126-SM-5QGQZ	8.42	Normal Tissue	GTEX	Breast
TCGA-E9-A228-01	TCGA-E9-A228-01	8.42	Primary Tumor	TCGA	Breast
TCGA-AC-A3EH-01	TCGA-AC-A3EH-01	8.419	Primary Tumor	TCGA	Breast
TCGA-D8-A1JP-01	TCGA-D8-A1JP-01	8.418	Primary Tumor	TCGA	Breast
TCGA-A2-A0ST-01	TCGA-A2-A0ST-01	8.417	Primary Tumor	TCGA	Breast
TCGA-AR-A1AW-01	TCGA-AR-A1AW-01	8.417	Primary Tumor	TCGA	Breast
TCGA-GI-A2C8-11	TCGA-GI-A2C8-11	8.416	Solid Tissue Normal	TCGA	Breast
TCGA-AR-A1AL-01	TCGA-AR-A1AL-01	8.416	Primary Tumor	TCGA	Breast
TCGA-AR-A24U-01	TCGA-AR-A24U-01	8.413	Primary Tumor	TCGA	Breast
TCGA-LL-A5YP-01	TCGA-LL-A5YP-01	8.413	Primary Tumor	TCGA	Breast
TCGA-C8-A278-01	TCGA-C8-A278-01	8.412	Primary Tumor	TCGA	Breast
TCGA-D8-A27R-01	TCGA-D8-A27R-01	8.412	Primary Tumor	TCGA	Breast
GTEX-13NZB-2126-SM-5MR4Y	GTEX-13NZB-2126-SM-5MR4Y	8.41	Normal Tissue	GTEX	Breast
TCGA-AC-A8OS-01	TCGA-AC-A8OS-01	8.409	Primary Tumor	TCGA	Breast
TCGA-D8-A1XS-01	TCGA-D8-A1XS-01	8.409	Primary Tumor	TCGA	Breast
TCGA-D8-A13Z-01	TCGA-D8-A13Z-01	8.408	Primary Tumor	TCGA	Breast
TCGA-A2-A0T1-01	TCGA-A2-A0T1-01	8.407	Primary Tumor	TCGA	Breast
TCGA-B6-A0X1-01	TCGA-B6-A0X1-01	8.405	Primary Tumor	TCGA	Breast
TCGA-AQ-A04L-01	TCGA-AQ-A04L-01	8.404	Primary Tumor	TCGA	Breast
TCGA-E2-A3DX-01	TCGA-E2-A3DX-01	8.401	Primary Tumor	TCGA	Breast
TCGA-E2-A14Y-01	TCGA-E2-A14Y-01	8.4	Primary Tumor	TCGA	Breast
TCGA-EW-A1P8-01	TCGA-EW-A1P8-01	8.4	Primary Tumor	TCGA	Breast
TCGA-BH-A0C3-11	TCGA-BH-A0C3-11	8.399	Solid Tissue Normal	TCGA	Breast
TCGA-AR-A24L-01	TCGA-AR-A24L-01	8.397	Primary Tumor	TCGA	Breast
TCGA-GM-A2DM-01	TCGA-GM-A2DM-01	8.396	Primary Tumor	TCGA	Breast
TCGA-A7-A0CG-01	TCGA-A7-A0CG-01	8.395	Primary Tumor	TCGA	Breast
TCGA-A8-A09A-01	TCGA-A8-A09A-01	8.395	Primary Tumor	TCGA	Breast
TCGA-AR-A2LN-01	TCGA-AR-A2LN-01	8.395	Primary Tumor	TCGA	Breast
TCGA-E2-A1LA-01	TCGA-E2-A1LA-01	8.394	Primary Tumor	TCGA	Breast
TCGA-A8-A0A9-01	TCGA-A8-A0A9-01	8.393	Primary Tumor	TCGA	Breast
TCGA-AR-A1AK-01	TCGA-AR-A1AK-01	8.392	Primary Tumor	TCGA	Breast
TCGA-E2-A1IN-01	TCGA-E2-A1IN-01	8.391	Primary Tumor	TCGA	Breast
GTEX-117XS-1926-SM-5GICO	GTEX-117XS-1926-SM-5GICO	8.39	Normal Tissue	GTEX	Breast
TCGA-A2-A0YH-01	TCGA-A2-A0YH-01	8.39	Primary Tumor	TCGA	Breast
GTEX-XQ8I-2426-SM-4WAXY	GTEX-XQ8I-2426-SM-4WAXY	8.386	Normal Tissue	GTEX	Breast
GTEX-XQ3S-1326-SM-4BOPQ	GTEX-XQ3S-1326-SM-4BOPQ	8.385	Normal Tissue	GTEX	Breast
TCGA-AC-A3W6-01	TCGA-AC-A3W6-01	8.38	Primary Tumor	TCGA	Breast
TCGA-B6-A0WX-01	TCGA-B6-A0WX-01	8.377	Primary Tumor	TCGA	Breast
GTEX-QEG5-0726-SM-4R1JQ	GTEX-QEG5-0726-SM-4R1JQ	8.375	Normal Tissue	GTEX	Breast
TCGA-BH-A0E0-11	TCGA-BH-A0E0-11	8.375	Solid Tissue Normal	TCGA	Breast
TCGA-A2-A0EV-01	TCGA-A2-A0EV-01	8.371	Primary Tumor	TCGA	Breast
TCGA-A2-A0T6-01	TCGA-A2-A0T6-01	8.368	Primary Tumor	TCGA	Breast
TCGA-A8-A08R-01	TCGA-A8-A08R-01	8.366	Primary Tumor	TCGA	Breast
TCGA-E2-A1IJ-01	TCGA-E2-A1IJ-01	8.366	Primary Tumor	TCGA	Breast
TCGA-E9-A1NI-01	TCGA-E9-A1NI-01	8.364	Primary Tumor	TCGA	Breast
TCGA-S3-A6ZG-01	TCGA-S3-A6ZG-01	8.361	Primary Tumor	TCGA	Breast
TCGA-BH-A0C0-11	TCGA-BH-A0C0-11	8.359	Solid Tissue Normal	TCGA	Breast
TCGA-AR-A24M-01	TCGA-AR-A24M-01	8.358	Primary Tumor	TCGA	Breast
TCGA-A8-A08J-01	TCGA-A8-A08J-01	8.354	Primary Tumor	TCGA	Breast
TCGA-AR-A1AQ-01	TCGA-AR-A1AQ-01	8.354	Primary Tumor	TCGA	Breast
TCGA-AC-A2FE-01	TCGA-AC-A2FE-01	8.353	Primary Tumor	TCGA	Breast
TCGA-AO-A12C-01	TCGA-AO-A12C-01	8.35	Primary Tumor	TCGA	Breast
GTEX-SIU7-1626-SM-4BRUK	GTEX-SIU7-1626-SM-4BRUK	8.349	Normal Tissue	GTEX	Breast
TCGA-D8-A1J8-01	TCGA-D8-A1J8-01	8.349	Primary Tumor	TCGA	Breast
TCGA-A7-A4SA-01	TCGA-A7-A4SA-01	8.347	Primary Tumor	TCGA	Breast
TCGA-A8-A08G-01	TCGA-A8-A08G-01	8.346	Primary Tumor	TCGA	Breast
TCGA-BH-A18K-01	TCGA-BH-A18K-01	8.345	Primary Tumor	TCGA	Breast
TCGA-E9-A227-01	TCGA-E9-A227-01	8.344	Primary Tumor	TCGA	Breast
TCGA-EW-A1PE-01	TCGA-EW-A1PE-01	8.344	Primary Tumor	TCGA	Breast
TCGA-AR-A2LO-01	TCGA-AR-A2LO-01	8.342	Primary Tumor	TCGA	Breast
TCGA-D8-A73X-01	TCGA-D8-A73X-01	8.341	Primary Tumor	TCGA	Breast
TCGA-E2-A15E-01	TCGA-E2-A15E-01	8.341	Primary Tumor	TCGA	Breast
TCGA-A7-A425-01	TCGA-A7-A425-01	8.34	Primary Tumor	TCGA	Breast
TCGA-C8-A138-01	TCGA-C8-A138-01	8.338	Primary Tumor	TCGA	Breast
TCGA-D8-A1XQ-01	TCGA-D8-A1XQ-01	8.338	Primary Tumor	TCGA	Breast
TCGA-S3-AA10-01	TCGA-S3-AA10-01	8.335	Primary Tumor	TCGA	Breast
GTEX-RU72-0626-SM-46MUI	GTEX-RU72-0626-SM-46MUI	8.333	Normal Tissue	GTEX	Breast
TCGA-B6-A0RT-01	TCGA-B6-A0RT-01	8.33	Primary Tumor	TCGA	Breast
GTEX-12WSM-1726-SM-5BC6J	GTEX-12WSM-1726-SM-5BC6J	8.329	Normal Tissue	GTEX	Breast
TCGA-A8-A091-01	TCGA-A8-A091-01	8.329	Primary Tumor	TCGA	Breast
TCGA-BH-A0BV-01	TCGA-BH-A0BV-01	8.329	Primary Tumor	TCGA	Breast
TCGA-BH-A0DE-01	TCGA-BH-A0DE-01	8.329	Primary Tumor	TCGA	Breast
TCGA-A2-A0T4-01	TCGA-A2-A0T4-01	8.326	Primary Tumor	TCGA	Breast
TCGA-A8-A08F-01	TCGA-A8-A08F-01	8.326	Primary Tumor	TCGA	Breast
GTEX-ZLFU-2126-SM-4WWEV	GTEX-ZLFU-2126-SM-4WWEV	8.325	Normal Tissue	GTEX	Breast
TCGA-AR-A24W-01	TCGA-AR-A24W-01	8.32	Primary Tumor	TCGA	Breast
GTEX-144GL-2026-SM-5LU3O	GTEX-144GL-2026-SM-5LU3O	8.317	Normal Tissue	GTEX	Breast
TCGA-A8-A08P-01	TCGA-A8-A08P-01	8.312	Primary Tumor	TCGA	Breast
TCGA-E2-A14T-01	TCGA-E2-A14T-01	8.31	Primary Tumor	TCGA	Breast
TCGA-GM-A3NW-01	TCGA-GM-A3NW-01	8.31	Primary Tumor	TCGA	Breast
TCGA-E9-A1RB-01	TCGA-E9-A1RB-01	8.309	Primary Tumor	TCGA	Breast
TCGA-EW-A1OW-01	TCGA-EW-A1OW-01	8.309	Primary Tumor	TCGA	Breast
GTEX-ZT9W-2026-SM-51MRA	GTEX-ZT9W-2026-SM-51MRA	8.308	Normal Tissue	GTEX	Breast
TCGA-A2-A0EW-01	TCGA-A2-A0EW-01	8.308	Primary Tumor	TCGA	Breast
TCGA-D8-A1XO-01	TCGA-D8-A1XO-01	8.305	Primary Tumor	TCGA	Breast
TCGA-E2-A1LE-01	TCGA-E2-A1LE-01	8.305	Primary Tumor	TCGA	Breast
GTEX-145MO-0826-SM-5NQBL	GTEX-145MO-0826-SM-5NQBL	8.304	Normal Tissue	GTEX	Breast
TCGA-BH-A0H5-11	TCGA-BH-A0H5-11	8.304	Solid Tissue Normal	TCGA	Breast
TCGA-LL-A9Q3-01	TCGA-LL-A9Q3-01	8.303	Primary Tumor	TCGA	Breast
TCGA-A2-A0YF-01	TCGA-A2-A0YF-01	8.302	Primary Tumor	TCGA	Breast
TCGA-BH-A0AU-01	TCGA-BH-A0AU-01	8.302	Primary Tumor	TCGA	Breast
GTEX-ZYT6-0126-SM-5E45J	GTEX-ZYT6-0126-SM-5E45J	8.299	Normal Tissue	GTEX	Breast
TCGA-A2-A4S0-01	TCGA-A2-A4S0-01	8.299	Primary Tumor	TCGA	Breast
TCGA-D8-A1XU-01	TCGA-D8-A1XU-01	8.298	Primary Tumor	TCGA	Breast
TCGA-C8-A12N-01	TCGA-C8-A12N-01	8.296	Primary Tumor	TCGA	Breast
TCGA-D8-A27T-01	TCGA-D8-A27T-01	8.296	Primary Tumor	TCGA	Breast
GTEX-V955-2026-SM-3GAFA	GTEX-V955-2026-SM-3GAFA	8.293	Normal Tissue	GTEX	Breast
TCGA-AC-A8OQ-01	TCGA-AC-A8OQ-01	8.293	Primary Tumor	TCGA	Breast
TCGA-BH-A18K-11	TCGA-BH-A18K-11	8.289	Solid Tissue Normal	TCGA	Breast
TCGA-D8-A1XY-01	TCGA-D8-A1XY-01	8.289	Primary Tumor	TCGA	Breast
TCGA-E9-A22B-01	TCGA-E9-A22B-01	8.289	Primary Tumor	TCGA	Breast
TCGA-D8-A27M-01	TCGA-D8-A27M-01	8.288	Primary Tumor	TCGA	Breast
TCGA-E9-A1NE-01	TCGA-E9-A1NE-01	8.288	Primary Tumor	TCGA	Breast
TCGA-A2-A0CX-01	TCGA-A2-A0CX-01	8.287	Primary Tumor	TCGA	Breast
TCGA-BH-A0BZ-01	TCGA-BH-A0BZ-01	8.287	Primary Tumor	TCGA	Breast
TCGA-C8-A12P-01	TCGA-C8-A12P-01	8.284	Primary Tumor	TCGA	Breast
TCGA-EW-A1PF-01	TCGA-EW-A1PF-01	8.281	Primary Tumor	TCGA	Breast
GTEX-QMRM-1626-SM-4R1KV	GTEX-QMRM-1626-SM-4R1KV	8.28	Normal Tissue	GTEX	Breast
TCGA-AO-A12G-01	TCGA-AO-A12G-01	8.277	Primary Tumor	TCGA	Breast
TCGA-E2-A1IF-01	TCGA-E2-A1IF-01	8.275	Primary Tumor	TCGA	Breast
TCGA-B6-A40C-01	TCGA-B6-A40C-01	8.273	Primary Tumor	TCGA	Breast
TCGA-E9-A1N6-01	TCGA-E9-A1N6-01	8.273	Primary Tumor	TCGA	Breast
TCGA-D8-A1XZ-01	TCGA-D8-A1XZ-01	8.272	Primary Tumor	TCGA	Breast
TCGA-A7-A0D9-01	TCGA-A7-A0D9-01	8.271	Primary Tumor	TCGA	Breast
GTEX-13CF2-2026-SM-5K7VI	GTEX-13CF2-2026-SM-5K7VI	8.269	Normal Tissue	GTEX	Breast
TCGA-A2-A0YK-01	TCGA-A2-A0YK-01	8.268	Primary Tumor	TCGA	Breast
TCGA-AR-A1AM-01	TCGA-AR-A1AM-01	8.265	Primary Tumor	TCGA	Breast
TCGA-AN-A0AR-01	TCGA-AN-A0AR-01	8.264	Primary Tumor	TCGA	Breast
TCGA-AC-A5XS-01	TCGA-AC-A5XS-01	8.263	Primary Tumor	TCGA	Breast
TCGA-LL-A73Y-01	TCGA-LL-A73Y-01	8.263	Primary Tumor	TCGA	Breast
TCGA-A7-A5ZW-01	TCGA-A7-A5ZW-01	8.262	Primary Tumor	TCGA	Breast
TCGA-AN-A0XW-01	TCGA-AN-A0XW-01	8.259	Primary Tumor	TCGA	Breast
TCGA-GM-A3XN-01	TCGA-GM-A3XN-01	8.259	Primary Tumor	TCGA	Breast
TCGA-AQ-A7U7-01	TCGA-AQ-A7U7-01	8.257	Primary Tumor	TCGA	Breast
TCGA-C8-A8HR-01	TCGA-C8-A8HR-01	8.257	Primary Tumor	TCGA	Breast
GTEX-14E6E-1326-SM-5S2NR	GTEX-14E6E-1326-SM-5S2NR	8.256	Normal Tissue	GTEX	Breast
TCGA-E2-A10A-01	TCGA-E2-A10A-01	8.256	Primary Tumor	TCGA	Breast
TCGA-BH-A0E1-01	TCGA-BH-A0E1-01	8.255	Primary Tumor	TCGA	Breast
TCGA-E2-A1IO-01	TCGA-E2-A1IO-01	8.255	Primary Tumor	TCGA	Breast
TCGA-AC-A2FG-01	TCGA-AC-A2FG-01	8.251	Primary Tumor	TCGA	Breast
TCGA-BH-A0B0-01	TCGA-BH-A0B0-01	8.25	Primary Tumor	TCGA	Breast
TCGA-BH-A1F2-01	TCGA-BH-A1F2-01	8.25	Primary Tumor	TCGA	Breast
TCGA-C8-A26W-01	TCGA-C8-A26W-01	8.244	Primary Tumor	TCGA	Breast
TCGA-BH-A28Q-01	TCGA-BH-A28Q-01	8.243	Primary Tumor	TCGA	Breast
GTEX-S7SE-0826-SM-4AT4D	GTEX-S7SE-0826-SM-4AT4D	8.24	Normal Tissue	GTEX	Breast
TCGA-EW-A2FV-01	TCGA-EW-A2FV-01	8.239	Primary Tumor	TCGA	Breast
TCGA-AC-A2FO-01	TCGA-AC-A2FO-01	8.235	Primary Tumor	TCGA	Breast
TCGA-BH-A0DZ-01	TCGA-BH-A0DZ-01	8.233	Primary Tumor	TCGA	Breast
TCGA-D8-A1JC-01	TCGA-D8-A1JC-01	8.232	Primary Tumor	TCGA	Breast
TCGA-AO-A0JJ-01	TCGA-AO-A0JJ-01	8.227	Primary Tumor	TCGA	Breast
TCGA-EW-A1PG-01	TCGA-EW-A1PG-01	8.224	Primary Tumor	TCGA	Breast
TCGA-BH-A1FD-01	TCGA-BH-A1FD-01	8.221	Primary Tumor	TCGA	Breast
TCGA-EW-A1P5-01	TCGA-EW-A1P5-01	8.221	Primary Tumor	TCGA	Breast
TCGA-D8-A73W-01	TCGA-D8-A73W-01	8.22	Primary Tumor	TCGA	Breast
GTEX-ZUA1-1526-SM-59HLS	GTEX-ZUA1-1526-SM-59HLS	8.219	Normal Tissue	GTEX	Breast
TCGA-OL-A66J-01	TCGA-OL-A66J-01	8.218	Primary Tumor	TCGA	Breast
TCGA-E2-A10E-01	TCGA-E2-A10E-01	8.217	Primary Tumor	TCGA	Breast
TCGA-OL-A5RV-01	TCGA-OL-A5RV-01	8.217	Primary Tumor	TCGA	Breast
TCGA-C8-A1HL-01	TCGA-C8-A1HL-01	8.216	Primary Tumor	TCGA	Breast
TCGA-BH-A0BM-11	TCGA-BH-A0BM-11	8.215	Solid Tissue Normal	TCGA	Breast
TCGA-A8-A06O-01	TCGA-A8-A06O-01	8.215	Primary Tumor	TCGA	Breast
TCGA-D8-A1Y3-01	TCGA-D8-A1Y3-01	8.215	Primary Tumor	TCGA	Breast
TCGA-EW-A6SD-01	TCGA-EW-A6SD-01	8.215	Primary Tumor	TCGA	Breast
TCGA-E9-A2JS-01	TCGA-E9-A2JS-01	8.213	Primary Tumor	TCGA	Breast
TCGA-A7-A13F-01	TCGA-A7-A13F-01	8.212	Primary Tumor	TCGA	Breast
TCGA-BH-A18V-01	TCGA-BH-A18V-01	8.208	Primary Tumor	TCGA	Breast
TCGA-E9-A1NC-01	TCGA-E9-A1NC-01	8.206	Primary Tumor	TCGA	Breast
TCGA-A2-A0D0-01	TCGA-A2-A0D0-01	8.204	Primary Tumor	TCGA	Breast
TCGA-E9-A1N5-01	TCGA-E9-A1N5-01	8.203	Primary Tumor	TCGA	Breast
TCGA-3C-AAAU-01	TCGA-3C-AAAU-01	8.202	Primary Tumor	TCGA	Breast
TCGA-A7-A426-01	TCGA-A7-A426-01	8.201	Primary Tumor	TCGA	Breast
TCGA-S3-AA0Z-01	TCGA-S3-AA0Z-01	8.199	Primary Tumor	TCGA	Breast
GTEX-1269C-2426-SM-5FQSN	GTEX-1269C-2426-SM-5FQSN	8.195	Normal Tissue	GTEX	Breast
TCGA-A7-A2KD-01	TCGA-A7-A2KD-01	8.192	Primary Tumor	TCGA	Breast
TCGA-A8-A07I-01	TCGA-A8-A07I-01	8.191	Primary Tumor	TCGA	Breast
TCGA-AN-A0AJ-01	TCGA-AN-A0AJ-01	8.188	Primary Tumor	TCGA	Breast
TCGA-E9-A226-01	TCGA-E9-A226-01	8.188	Primary Tumor	TCGA	Breast
TCGA-A8-A07P-01	TCGA-A8-A07P-01	8.186	Primary Tumor	TCGA	Breast
GTEX-UTHO-1026-SM-3GAF7	GTEX-UTHO-1026-SM-3GAF7	8.185	Normal Tissue	GTEX	Breast
TCGA-A1-A0SB-01	TCGA-A1-A0SB-01	8.184	Primary Tumor	TCGA	Breast
TCGA-AR-A24P-01	TCGA-AR-A24P-01	8.182	Primary Tumor	TCGA	Breast
TCGA-AC-A62V-01	TCGA-AC-A62V-01	8.179	Primary Tumor	TCGA	Breast
TCGA-D8-A27L-01	TCGA-D8-A27L-01	8.178	Primary Tumor	TCGA	Breast
TCGA-AN-A0FT-01	TCGA-AN-A0FT-01	8.173	Primary Tumor	TCGA	Breast
TCGA-AN-A0XS-01	TCGA-AN-A0XS-01	8.173	Primary Tumor	TCGA	Breast
TCGA-A2-A0YC-01	TCGA-A2-A0YC-01	8.17	Primary Tumor	TCGA	Breast
TCGA-A1-A0SF-01	TCGA-A1-A0SF-01	8.167	Primary Tumor	TCGA	Breast
TCGA-A2-A25C-01	TCGA-A2-A25C-01	8.162	Primary Tumor	TCGA	Breast
GTEX-T2YK-2226-SM-32QPT	GTEX-T2YK-2226-SM-32QPT	8.159	Normal Tissue	GTEX	Breast
TCGA-AN-A049-01	TCGA-AN-A049-01	8.159	Primary Tumor	TCGA	Breast
TCGA-EW-A3E8-01	TCGA-EW-A3E8-01	8.159	Primary Tumor	TCGA	Breast
TCGA-EW-A6S9-01	TCGA-EW-A6S9-01	8.158	Primary Tumor	TCGA	Breast
TCGA-BH-A0DT-01	TCGA-BH-A0DT-01	8.157	Primary Tumor	TCGA	Breast
TCGA-GM-A2DA-01	TCGA-GM-A2DA-01	8.157	Primary Tumor	TCGA	Breast
TCGA-BH-A1ES-01	TCGA-BH-A1ES-01	8.156	Primary Tumor	TCGA	Breast
TCGA-OL-A66N-01	TCGA-OL-A66N-01	8.156	Primary Tumor	TCGA	Breast
TCGA-D8-A3Z6-01	TCGA-D8-A3Z6-01	8.154	Primary Tumor	TCGA	Breast
TCGA-BH-A1ET-01	TCGA-BH-A1ET-01	8.153	Primary Tumor	TCGA	Breast
TCGA-A2-A04Y-01	TCGA-A2-A04Y-01	8.151	Primary Tumor	TCGA	Breast
TCGA-AR-A252-01	TCGA-AR-A252-01	8.148	Primary Tumor	TCGA	Breast
TCGA-EW-A1J3-01	TCGA-EW-A1J3-01	8.147	Primary Tumor	TCGA	Breast
TCGA-AN-A041-01	TCGA-AN-A041-01	8.146	Primary Tumor	TCGA	Breast
TCGA-AO-A0J8-01	TCGA-AO-A0J8-01	8.146	Primary Tumor	TCGA	Breast
TCGA-C8-A27B-01	TCGA-C8-A27B-01	8.146	Primary Tumor	TCGA	Breast
TCGA-AR-A5QP-01	TCGA-AR-A5QP-01	8.144	Primary Tumor	TCGA	Breast
TCGA-EW-A1PD-01	TCGA-EW-A1PD-01	8.144	Primary Tumor	TCGA	Breast
TCGA-D8-A27W-01	TCGA-D8-A27W-01	8.139	Primary Tumor	TCGA	Breast
GTEX-1399U-1826-SM-5PNZ1	GTEX-1399U-1826-SM-5PNZ1	8.138	Normal Tissue	GTEX	Breast
TCGA-E2-A2P6-01	TCGA-E2-A2P6-01	8.137	Primary Tumor	TCGA	Breast
TCGA-AC-A23C-01	TCGA-AC-A23C-01	8.136	Primary Tumor	TCGA	Breast
TCGA-A1-A0SD-01	TCGA-A1-A0SD-01	8.135	Primary Tumor	TCGA	Breast
TCGA-AN-A0FV-01	TCGA-AN-A0FV-01	8.135	Primary Tumor	TCGA	Breast
TCGA-BH-A1FC-01	TCGA-BH-A1FC-01	8.13	Primary Tumor	TCGA	Breast
TCGA-E2-A14Z-01	TCGA-E2-A14Z-01	8.128	Primary Tumor	TCGA	Breast
TCGA-A2-A0CO-01	TCGA-A2-A0CO-01	8.127	Primary Tumor	TCGA	Breast
TCGA-BH-A1FE-01	TCGA-BH-A1FE-01	8.127	Primary Tumor	TCGA	Breast
TCGA-PE-A5DE-01	TCGA-PE-A5DE-01	8.124	Primary Tumor	TCGA	Breast
TCGA-BH-A0BJ-01	TCGA-BH-A0BJ-01	8.121	Primary Tumor	TCGA	Breast
TCGA-A2-A04Q-01	TCGA-A2-A04Q-01	8.117	Primary Tumor	TCGA	Breast
TCGA-BH-A0B4-01	TCGA-BH-A0B4-01	8.117	Primary Tumor	TCGA	Breast
TCGA-BH-A0HA-01	TCGA-BH-A0HA-01	8.116	Primary Tumor	TCGA	Breast
TCGA-BH-A0BO-01	TCGA-BH-A0BO-01	8.115	Primary Tumor	TCGA	Breast
TCGA-AR-A1AX-01	TCGA-AR-A1AX-01	8.113	Primary Tumor	TCGA	Breast
TCGA-E9-A248-01	TCGA-E9-A248-01	8.111	Primary Tumor	TCGA	Breast
TCGA-A8-A07W-01	TCGA-A8-A07W-01	8.108	Primary Tumor	TCGA	Breast
TCGA-BH-A0BA-01	TCGA-BH-A0BA-01	8.106	Primary Tumor	TCGA	Breast
TCGA-OL-A66H-01	TCGA-OL-A66H-01	8.106	Primary Tumor	TCGA	Breast
TCGA-AR-A1AI-01	TCGA-AR-A1AI-01	8.103	Primary Tumor	TCGA	Breast
TCGA-A7-A4SE-01	TCGA-A7-A4SE-01	8.102	Primary Tumor	TCGA	Breast
TCGA-3C-AALK-01	TCGA-3C-AALK-01	8.099	Primary Tumor	TCGA	Breast
TCGA-E9-A5FK-01	TCGA-E9-A5FK-01	8.099	Primary Tumor	TCGA	Breast
TCGA-D8-A1JF-01	TCGA-D8-A1JF-01	8.098	Primary Tumor	TCGA	Breast
TCGA-E2-A1BC-11	TCGA-E2-A1BC-11	8.094	Solid Tissue Normal	TCGA	Breast
TCGA-A2-A0T2-01	TCGA-A2-A0T2-01	8.094	Primary Tumor	TCGA	Breast
TCGA-B6-A408-01	TCGA-B6-A408-01	8.094	Primary Tumor	TCGA	Breast
TCGA-E2-A150-01	TCGA-E2-A150-01	8.093	Primary Tumor	TCGA	Breast
TCGA-AC-A3BB-01	TCGA-AC-A3BB-01	8.09	Primary Tumor	TCGA	Breast
TCGA-C8-A1HJ-01	TCGA-C8-A1HJ-01	8.087	Primary Tumor	TCGA	Breast
TCGA-A2-A0CQ-01	TCGA-A2-A0CQ-01	8.085	Primary Tumor	TCGA	Breast
TCGA-A2-A25B-01	TCGA-A2-A25B-01	8.085	Primary Tumor	TCGA	Breast
GTEX-REY6-2426-SM-48FF5	GTEX-REY6-2426-SM-48FF5	8.083	Normal Tissue	GTEX	Breast
TCGA-AR-A1AV-01	TCGA-AR-A1AV-01	8.082	Primary Tumor	TCGA	Breast
TCGA-A2-A0CP-01	TCGA-A2-A0CP-01	8.076	Primary Tumor	TCGA	Breast
TCGA-BH-A18M-01	TCGA-BH-A18M-01	8.075	Primary Tumor	TCGA	Breast
TCGA-S3-AA14-01	TCGA-S3-AA14-01	8.074	Primary Tumor	TCGA	Breast
TCGA-BH-A0H5-01	TCGA-BH-A0H5-01	8.073	Primary Tumor	TCGA	Breast
TCGA-E2-A1LS-11	TCGA-E2-A1LS-11	8.071	Solid Tissue Normal	TCGA	Breast
TCGA-XX-A899-01	TCGA-XX-A899-01	8.07	Primary Tumor	TCGA	Breast
TCGA-BH-A0BP-01	TCGA-BH-A0BP-01	8.069	Primary Tumor	TCGA	Breast
TCGA-A2-A0CM-01	TCGA-A2-A0CM-01	8.068	Primary Tumor	TCGA	Breast
TCGA-E2-A1II-01	TCGA-E2-A1II-01	8.068	Primary Tumor	TCGA	Breast
TCGA-EW-A1P7-01	TCGA-EW-A1P7-01	8.068	Primary Tumor	TCGA	Breast
TCGA-A8-A094-01	TCGA-A8-A094-01	8.065	Primary Tumor	TCGA	Breast
TCGA-A1-A0SI-01	TCGA-A1-A0SI-01	8.064	Primary Tumor	TCGA	Breast
TCGA-A8-A0A2-01	TCGA-A8-A0A2-01	8.064	Primary Tumor	TCGA	Breast
TCGA-BH-A0EA-01	TCGA-BH-A0EA-01	8.064	Primary Tumor	TCGA	Breast
TCGA-D8-A1JA-01	TCGA-D8-A1JA-01	8.064	Primary Tumor	TCGA	Breast
GTEX-11WQK-2426-SM-5GU5C	GTEX-11WQK-2426-SM-5GU5C	8.062	Normal Tissue	GTEX	Breast
TCGA-A2-A3Y0-01	TCGA-A2-A3Y0-01	8.062	Primary Tumor	TCGA	Breast
TCGA-E9-A1R0-01	TCGA-E9-A1R0-01	8.062	Primary Tumor	TCGA	Breast
TCGA-A8-A0A4-01	TCGA-A8-A0A4-01	8.058	Primary Tumor	TCGA	Breast
TCGA-BH-A0EI-01	TCGA-BH-A0EI-01	8.057	Primary Tumor	TCGA	Breast
TCGA-BH-A0HI-01	TCGA-BH-A0HI-01	8.057	Primary Tumor	TCGA	Breast
TCGA-BH-A18J-01	TCGA-BH-A18J-01	8.056	Primary Tumor	TCGA	Breast
TCGA-AO-A12A-01	TCGA-AO-A12A-01	8.054	Primary Tumor	TCGA	Breast
TCGA-A2-A0EY-01	TCGA-A2-A0EY-01	8.052	Primary Tumor	TCGA	Breast
TCGA-AQ-A54N-01	TCGA-AQ-A54N-01	8.051	Primary Tumor	TCGA	Breast
GTEX-ZYFC-0826-SM-5E44K	GTEX-ZYFC-0826-SM-5E44K	8.049	Normal Tissue	GTEX	Breast
TCGA-E9-A1RG-01	TCGA-E9-A1RG-01	8.049	Primary Tumor	TCGA	Breast
TCGA-AR-A1AS-01	TCGA-AR-A1AS-01	8.048	Primary Tumor	TCGA	Breast
TCGA-AO-A1KS-01	TCGA-AO-A1KS-01	8.047	Primary Tumor	TCGA	Breast
TCGA-AO-A0JE-01	TCGA-AO-A0JE-01	8.046	Primary Tumor	TCGA	Breast
TCGA-EW-A1OZ-01	TCGA-EW-A1OZ-01	8.044	Primary Tumor	TCGA	Breast
TCGA-LL-A7SZ-01	TCGA-LL-A7SZ-01	8.044	Primary Tumor	TCGA	Breast
GTEX-X261-0626-SM-3NMD9	GTEX-X261-0626-SM-3NMD9	8.043	Normal Tissue	GTEX	Breast
TCGA-D8-A145-01	TCGA-D8-A145-01	8.042	Primary Tumor	TCGA	Breast
TCGA-GM-A3XG-01	TCGA-GM-A3XG-01	8.04	Primary Tumor	TCGA	Breast
TCGA-BH-A0WA-01	TCGA-BH-A0WA-01	8.036	Primary Tumor	TCGA	Breast
TCGA-BH-A0RX-01	TCGA-BH-A0RX-01	8.034	Primary Tumor	TCGA	Breast
GTEX-QEL4-2126-SM-447AE	GTEX-QEL4-2126-SM-447AE	8.032	Normal Tissue	GTEX	Breast
TCGA-BH-A0W5-01	TCGA-BH-A0W5-01	8.031	Primary Tumor	TCGA	Breast
TCGA-A7-A56D-01	TCGA-A7-A56D-01	8.03	Primary Tumor	TCGA	Breast
TCGA-EW-A6SC-01	TCGA-EW-A6SC-01	8.025	Primary Tumor	TCGA	Breast
TCGA-E2-A1L6-01	TCGA-E2-A1L6-01	8.022	Primary Tumor	TCGA	Breast
TCGA-S3-A6ZF-01	TCGA-S3-A6ZF-01	8.021	Primary Tumor	TCGA	Breast
TCGA-B6-A0RP-01	TCGA-B6-A0RP-01	8.02	Primary Tumor	TCGA	Breast
TCGA-LD-A7W5-01	TCGA-LD-A7W5-01	8.02	Primary Tumor	TCGA	Breast
TCGA-D8-A27K-01	TCGA-D8-A27K-01	8.017	Primary Tumor	TCGA	Breast
TCGA-AR-A1AU-01	TCGA-AR-A1AU-01	8.016	Primary Tumor	TCGA	Breast
TCGA-C8-A1HN-01	TCGA-C8-A1HN-01	8.015	Primary Tumor	TCGA	Breast
TCGA-A1-A0SK-01	TCGA-A1-A0SK-01	8.013	Primary Tumor	TCGA	Breast
TCGA-A2-A1G0-01	TCGA-A2-A1G0-01	8.013	Primary Tumor	TCGA	Breast
TCGA-B6-A0I6-01	TCGA-B6-A0I6-01	8.01	Primary Tumor	TCGA	Breast
TCGA-AN-A0AM-01	TCGA-AN-A0AM-01	8.009	Primary Tumor	TCGA	Breast
TCGA-BH-A0HX-01	TCGA-BH-A0HX-01	8.006	Primary Tumor	TCGA	Breast
TCGA-BH-A18N-01	TCGA-BH-A18N-01	8.005	Primary Tumor	TCGA	Breast
TCGA-4H-AAAK-01	TCGA-4H-AAAK-01	8.003	Primary Tumor	TCGA	Breast
TCGA-BH-A18U-01	TCGA-BH-A18U-01	8.002	Primary Tumor	TCGA	Breast
TCGA-A8-A079-01	TCGA-A8-A079-01	7.998	Primary Tumor	TCGA	Breast
TCGA-E9-A1R2-01	TCGA-E9-A1R2-01	7.998	Primary Tumor	TCGA	Breast
TCGA-A8-A08T-01	TCGA-A8-A08T-01	7.997	Primary Tumor	TCGA	Breast
TCGA-E9-A1RC-01	TCGA-E9-A1RC-01	7.994	Primary Tumor	TCGA	Breast
TCGA-A8-A07L-01	TCGA-A8-A07L-01	7.993	Primary Tumor	TCGA	Breast
TCGA-A2-A0SU-01	TCGA-A2-A0SU-01	7.99	Primary Tumor	TCGA	Breast
TCGA-BH-A0B3-01	TCGA-BH-A0B3-01	7.99	Primary Tumor	TCGA	Breast
TCGA-OL-A5RX-01	TCGA-OL-A5RX-01	7.99	Primary Tumor	TCGA	Breast
TCGA-A2-A04W-01	TCGA-A2-A04W-01	7.989	Primary Tumor	TCGA	Breast
TCGA-BH-A0B1-01	TCGA-BH-A0B1-01	7.987	Primary Tumor	TCGA	Breast
GTEX-144GM-0926-SM-5O994	GTEX-144GM-0926-SM-5O994	7.985	Normal Tissue	GTEX	Breast
TCGA-OL-A66K-01	TCGA-OL-A66K-01	7.985	Primary Tumor	TCGA	Breast
TCGA-AO-A0JG-01	TCGA-AO-A0JG-01	7.98	Primary Tumor	TCGA	Breast
TCGA-AN-A0FF-01	TCGA-AN-A0FF-01	7.975	Primary Tumor	TCGA	Breast
TCGA-B6-A1KI-01	TCGA-B6-A1KI-01	7.974	Primary Tumor	TCGA	Breast
TCGA-D8-A27H-01	TCGA-D8-A27H-01	7.971	Primary Tumor	TCGA	Breast
TCGA-AC-A23H-01	TCGA-AC-A23H-01	7.968	Primary Tumor	TCGA	Breast
TCGA-B6-A0WS-01	TCGA-B6-A0WS-01	7.967	Primary Tumor	TCGA	Breast
TCGA-D8-A1XD-01	TCGA-D8-A1XD-01	7.964	Primary Tumor	TCGA	Breast
TCGA-A2-A0YI-01	TCGA-A2-A0YI-01	7.962	Primary Tumor	TCGA	Breast
GTEX-13PVQ-1026-SM-5KM3M	GTEX-13PVQ-1026-SM-5KM3M	7.961	Normal Tissue	GTEX	Breast
TCGA-BH-A0GY-01	TCGA-BH-A0GY-01	7.953	Primary Tumor	TCGA	Breast
TCGA-BH-A0HQ-01	TCGA-BH-A0HQ-01	7.953	Primary Tumor	TCGA	Breast
TCGA-OL-A66I-01	TCGA-OL-A66I-01	7.95	Primary Tumor	TCGA	Breast
TCGA-AO-A0JM-01	TCGA-AO-A0JM-01	7.944	Primary Tumor	TCGA	Breast
TCGA-BH-A0BQ-01	TCGA-BH-A0BQ-01	7.941	Primary Tumor	TCGA	Breast
TCGA-E2-A1B5-01	TCGA-E2-A1B5-01	7.939	Primary Tumor	TCGA	Breast
TCGA-AN-A0G0-01	TCGA-AN-A0G0-01	7.938	Primary Tumor	TCGA	Breast
TCGA-A2-A04V-01	TCGA-A2-A04V-01	7.937	Primary Tumor	TCGA	Breast
TCGA-E2-A15I-01	TCGA-E2-A15I-01	7.936	Primary Tumor	TCGA	Breast
TCGA-A2-A4RW-01	TCGA-A2-A4RW-01	7.933	Primary Tumor	TCGA	Breast
TCGA-AR-A256-01	TCGA-AR-A256-01	7.933	Primary Tumor	TCGA	Breast
TCGA-BH-A0C1-01	TCGA-BH-A0C1-01	7.932	Primary Tumor	TCGA	Breast
TCGA-AO-A0JC-01	TCGA-AO-A0JC-01	7.931	Primary Tumor	TCGA	Breast
TCGA-E9-A3QA-01	TCGA-E9-A3QA-01	7.929	Primary Tumor	TCGA	Breast
TCGA-BH-A0E6-01	TCGA-BH-A0E6-01	7.928	Primary Tumor	TCGA	Breast
TCGA-E9-A1RA-01	TCGA-E9-A1RA-01	7.926	Primary Tumor	TCGA	Breast
TCGA-BH-A203-01	TCGA-BH-A203-01	7.924	Primary Tumor	TCGA	Breast
TCGA-EW-A1IX-01	TCGA-EW-A1IX-01	7.922	Primary Tumor	TCGA	Breast
GTEX-11TT1-2126-SM-5GU5Y	GTEX-11TT1-2126-SM-5GU5Y	7.921	Normal Tissue	GTEX	Breast
TCGA-OL-A5RY-01	TCGA-OL-A5RY-01	7.921	Primary Tumor	TCGA	Breast
GTEX-13CF3-2126-SM-5IFJP	GTEX-13CF3-2126-SM-5IFJP	7.92	Normal Tissue	GTEX	Breast
TCGA-A8-A09M-01	TCGA-A8-A09M-01	7.92	Primary Tumor	TCGA	Breast
TCGA-BH-A0DO-01	TCGA-BH-A0DO-01	7.92	Primary Tumor	TCGA	Breast
TCGA-A1-A0SJ-01	TCGA-A1-A0SJ-01	7.918	Primary Tumor	TCGA	Breast
TCGA-A2-A0T0-01	TCGA-A2-A0T0-01	7.91	Primary Tumor	TCGA	Breast
TCGA-A2-A0EX-01	TCGA-A2-A0EX-01	7.908	Primary Tumor	TCGA	Breast
TCGA-EW-A1J6-01	TCGA-EW-A1J6-01	7.907	Primary Tumor	TCGA	Breast
TCGA-E2-A14R-01	TCGA-E2-A14R-01	7.906	Primary Tumor	TCGA	Breast
TCGA-C8-A26Z-01	TCGA-C8-A26Z-01	7.902	Primary Tumor	TCGA	Breast
TCGA-EW-A424-01	TCGA-EW-A424-01	7.901	Primary Tumor	TCGA	Breast
TCGA-A8-A09W-01	TCGA-A8-A09W-01	7.9	Primary Tumor	TCGA	Breast
TCGA-AO-A03L-01	TCGA-AO-A03L-01	7.9	Primary Tumor	TCGA	Breast
TCGA-C8-A1HE-01	TCGA-C8-A1HE-01	7.9	Primary Tumor	TCGA	Breast
TCGA-AO-A12F-01	TCGA-AO-A12F-01	7.896	Primary Tumor	TCGA	Breast
TCGA-E2-A1LB-01	TCGA-E2-A1LB-01	7.896	Primary Tumor	TCGA	Breast
TCGA-A8-A07S-01	TCGA-A8-A07S-01	7.895	Primary Tumor	TCGA	Breast
TCGA-AN-A0FD-01	TCGA-AN-A0FD-01	7.893	Primary Tumor	TCGA	Breast
TCGA-AR-A1AY-01	TCGA-AR-A1AY-01	7.892	Primary Tumor	TCGA	Breast
TCGA-A2-A25D-01	TCGA-A2-A25D-01	7.888	Primary Tumor	TCGA	Breast
TCGA-A2-A4S2-01	TCGA-A2-A4S2-01	7.885	Primary Tumor	TCGA	Breast
TCGA-A8-A08O-01	TCGA-A8-A08O-01	7.881	Primary Tumor	TCGA	Breast
TCGA-C8-A130-01	TCGA-C8-A130-01	7.876	Primary Tumor	TCGA	Breast
TCGA-B6-A40B-01	TCGA-B6-A40B-01	7.873	Primary Tumor	TCGA	Breast
TCGA-C8-A1HG-01	TCGA-C8-A1HG-01	7.872	Primary Tumor	TCGA	Breast
TCGA-Z7-A8R6-01	TCGA-Z7-A8R6-01	7.869	Primary Tumor	TCGA	Breast
TCGA-AC-A3TM-01	TCGA-AC-A3TM-01	7.864	Primary Tumor	TCGA	Breast
TCGA-A2-A1FX-01	TCGA-A2-A1FX-01	7.862	Primary Tumor	TCGA	Breast
TCGA-GM-A2DI-01	TCGA-GM-A2DI-01	7.854	Primary Tumor	TCGA	Breast
TCGA-AR-A1AJ-01	TCGA-AR-A1AJ-01	7.853	Primary Tumor	TCGA	Breast
TCGA-GM-A2D9-01	TCGA-GM-A2D9-01	7.853	Primary Tumor	TCGA	Breast
TCGA-C8-A135-01	TCGA-C8-A135-01	7.849	Primary Tumor	TCGA	Breast
GTEX-Y111-2026-SM-4SOJA	GTEX-Y111-2026-SM-4SOJA	7.845	Normal Tissue	GTEX	Breast
TCGA-D8-A1XA-01	TCGA-D8-A1XA-01	7.843	Primary Tumor	TCGA	Breast
TCGA-E9-A247-01	TCGA-E9-A247-01	7.843	Primary Tumor	TCGA	Breast
TCGA-A2-A04P-01	TCGA-A2-A04P-01	7.842	Primary Tumor	TCGA	Breast
TCGA-BH-AB28-01	TCGA-BH-AB28-01	7.842	Primary Tumor	TCGA	Breast
TCGA-OL-A6VQ-01	TCGA-OL-A6VQ-01	7.842	Primary Tumor	TCGA	Breast
TCGA-S3-AA17-01	TCGA-S3-AA17-01	7.842	Primary Tumor	TCGA	Breast
TCGA-C8-A273-01	TCGA-C8-A273-01	7.84	Primary Tumor	TCGA	Breast
TCGA-AO-A0J2-01	TCGA-AO-A0J2-01	7.838	Primary Tumor	TCGA	Breast
TCGA-AN-A0FW-01	TCGA-AN-A0FW-01	7.837	Primary Tumor	TCGA	Breast
TCGA-BH-A0BD-01	TCGA-BH-A0BD-01	7.834	Primary Tumor	TCGA	Breast
TCGA-BH-A0W4-01	TCGA-BH-A0W4-01	7.831	Primary Tumor	TCGA	Breast
TCGA-D8-A27P-01	TCGA-D8-A27P-01	7.83	Primary Tumor	TCGA	Breast
TCGA-BH-A18F-01	TCGA-BH-A18F-01	7.827	Primary Tumor	TCGA	Breast
TCGA-A8-A07E-01	TCGA-A8-A07E-01	7.823	Primary Tumor	TCGA	Breast
TCGA-E2-A15A-01	TCGA-E2-A15A-01	7.823	Primary Tumor	TCGA	Breast
TCGA-BH-A0H6-01	TCGA-BH-A0H6-01	7.822	Primary Tumor	TCGA	Breast
TCGA-B6-A401-01	TCGA-B6-A401-01	7.82	Primary Tumor	TCGA	Breast
TCGA-AN-A0XO-01	TCGA-AN-A0XO-01	7.815	Primary Tumor	TCGA	Breast
TCGA-EW-A1PA-01	TCGA-EW-A1PA-01	7.814	Primary Tumor	TCGA	Breast
TCGA-AC-A2BK-01	TCGA-AC-A2BK-01	7.811	Primary Tumor	TCGA	Breast
TCGA-B6-A0RU-01	TCGA-B6-A0RU-01	7.811	Primary Tumor	TCGA	Breast
TCGA-OL-A66L-01	TCGA-OL-A66L-01	7.811	Primary Tumor	TCGA	Breast
TCGA-A2-A0EM-01	TCGA-A2-A0EM-01	7.809	Primary Tumor	TCGA	Breast
TCGA-BH-A204-01	TCGA-BH-A204-01	7.808	Primary Tumor	TCGA	Breast
TCGA-AO-A129-01	TCGA-AO-A129-01	7.802	Primary Tumor	TCGA	Breast
TCGA-D8-A1XB-01	TCGA-D8-A1XB-01	7.801	Primary Tumor	TCGA	Breast
TCGA-BH-A18P-01	TCGA-BH-A18P-01	7.8	Primary Tumor	TCGA	Breast
TCGA-PE-A5DD-01	TCGA-PE-A5DD-01	7.798	Primary Tumor	TCGA	Breast
TCGA-A7-A4SC-01	TCGA-A7-A4SC-01	7.795	Primary Tumor	TCGA	Breast
TCGA-AR-A24Q-01	TCGA-AR-A24Q-01	7.795	Primary Tumor	TCGA	Breast
TCGA-AN-A0FY-01	TCGA-AN-A0FY-01	7.793	Primary Tumor	TCGA	Breast
TCGA-OK-A5Q2-01	TCGA-OK-A5Q2-01	7.793	Primary Tumor	TCGA	Breast
TCGA-A2-A0CR-01	TCGA-A2-A0CR-01	7.792	Primary Tumor	TCGA	Breast
TCGA-A7-A0DC-01	TCGA-A7-A0DC-01	7.789	Primary Tumor	TCGA	Breast
TCGA-A1-A0SE-01	TCGA-A1-A0SE-01	7.786	Primary Tumor	TCGA	Breast
TCGA-E2-A15S-01	TCGA-E2-A15S-01	7.786	Primary Tumor	TCGA	Breast
TCGA-A8-A06Q-01	TCGA-A8-A06Q-01	7.785	Primary Tumor	TCGA	Breast
TCGA-BH-A18Q-01	TCGA-BH-A18Q-01	7.785	Primary Tumor	TCGA	Breast
TCGA-A8-A082-01	TCGA-A8-A082-01	7.784	Primary Tumor	TCGA	Breast
TCGA-AC-A3W7-01	TCGA-AC-A3W7-01	7.781	Primary Tumor	TCGA	Breast
TCGA-C8-A131-01	TCGA-C8-A131-01	7.78	Primary Tumor	TCGA	Breast
TCGA-D8-A1JT-01	TCGA-D8-A1JT-01	7.774	Primary Tumor	TCGA	Breast
TCGA-E2-A14N-01	TCGA-E2-A14N-01	7.774	Primary Tumor	TCGA	Breast
TCGA-E2-A15H-01	TCGA-E2-A15H-01	7.774	Primary Tumor	TCGA	Breast
TCGA-E2-A1IK-01	TCGA-E2-A1IK-01	7.774	Primary Tumor	TCGA	Breast
TCGA-E2-A573-01	TCGA-E2-A573-01	7.772	Primary Tumor	TCGA	Breast
TCGA-AN-A03Y-01	TCGA-AN-A03Y-01	7.77	Primary Tumor	TCGA	Breast
TCGA-AN-A0FZ-01	TCGA-AN-A0FZ-01	7.77	Primary Tumor	TCGA	Breast
TCGA-C8-A3M8-01	TCGA-C8-A3M8-01	7.769	Primary Tumor	TCGA	Breast
TCGA-EW-A1OV-01	TCGA-EW-A1OV-01	7.764	Primary Tumor	TCGA	Breast
TCGA-A7-A6VX-01	TCGA-A7-A6VX-01	7.763	Primary Tumor	TCGA	Breast
TCGA-AN-A046-01	TCGA-AN-A046-01	7.763	Primary Tumor	TCGA	Breast
TCGA-AN-A03X-01	TCGA-AN-A03X-01	7.762	Primary Tumor	TCGA	Breast
TCGA-A8-A09I-01	TCGA-A8-A09I-01	7.76	Primary Tumor	TCGA	Breast
TCGA-EW-A423-01	TCGA-EW-A423-01	7.76	Primary Tumor	TCGA	Breast
TCGA-A7-A5ZV-01	TCGA-A7-A5ZV-01	7.758	Primary Tumor	TCGA	Breast
TCGA-BH-A0DL-01	TCGA-BH-A0DL-01	7.755	Primary Tumor	TCGA	Breast
TCGA-A1-A0SG-01	TCGA-A1-A0SG-01	7.754	Primary Tumor	TCGA	Breast
TCGA-AQ-A1H3-01	TCGA-AQ-A1H3-01	7.753	Primary Tumor	TCGA	Breast
TCGA-BH-A0BT-01	TCGA-BH-A0BT-01	7.753	Primary Tumor	TCGA	Breast
TCGA-A8-A084-01	TCGA-A8-A084-01	7.749	Primary Tumor	TCGA	Breast
TCGA-A8-A092-01	TCGA-A8-A092-01	7.747	Primary Tumor	TCGA	Breast
TCGA-AN-A04C-01	TCGA-AN-A04C-01	7.747	Primary Tumor	TCGA	Breast
TCGA-OL-A5S0-01	TCGA-OL-A5S0-01	7.741	Primary Tumor	TCGA	Breast
TCGA-BH-A0HB-01	TCGA-BH-A0HB-01	7.738	Primary Tumor	TCGA	Breast
TCGA-B6-A0IQ-01	TCGA-B6-A0IQ-01	7.737	Primary Tumor	TCGA	Breast
TCGA-LL-A8F5-01	TCGA-LL-A8F5-01	7.736	Primary Tumor	TCGA	Breast
TCGA-E2-A9RU-01	TCGA-E2-A9RU-01	7.731	Primary Tumor	TCGA	Breast
TCGA-A2-A3XZ-01	TCGA-A2-A3XZ-01	7.723	Primary Tumor	TCGA	Breast
TCGA-LL-A5YL-01	TCGA-LL-A5YL-01	7.721	Primary Tumor	TCGA	Breast
TCGA-D8-A1JB-01	TCGA-D8-A1JB-01	7.72	Primary Tumor	TCGA	Breast
TCGA-BH-A1EW-01	TCGA-BH-A1EW-01	7.719	Primary Tumor	TCGA	Breast
TCGA-B6-A1KN-01	TCGA-B6-A1KN-01	7.718	Primary Tumor	TCGA	Breast
TCGA-E9-A1R5-01	TCGA-E9-A1R5-01	7.716	Primary Tumor	TCGA	Breast
TCGA-AR-A2LH-01	TCGA-AR-A2LH-01	7.711	Primary Tumor	TCGA	Breast
TCGA-AR-A5QN-01	TCGA-AR-A5QN-01	7.71	Primary Tumor	TCGA	Breast
TCGA-B6-A0I5-01	TCGA-B6-A0I5-01	7.71	Primary Tumor	TCGA	Breast
TCGA-GM-A5PV-01	TCGA-GM-A5PV-01	7.707	Primary Tumor	TCGA	Breast
TCGA-AR-A24R-01	TCGA-AR-A24R-01	7.706	Primary Tumor	TCGA	Breast
TCGA-MS-A51U-01	TCGA-MS-A51U-01	7.706	Primary Tumor	TCGA	Breast
TCGA-E2-A1L8-01	TCGA-E2-A1L8-01	7.705	Primary Tumor	TCGA	Breast
TCGA-E2-A570-01	TCGA-E2-A570-01	7.704	Primary Tumor	TCGA	Breast
TCGA-B6-A0I2-01	TCGA-B6-A0I2-01	7.699	Primary Tumor	TCGA	Breast
TCGA-B6-A0WT-01	TCGA-B6-A0WT-01	7.698	Primary Tumor	TCGA	Breast
TCGA-BH-A0E2-01	TCGA-BH-A0E2-01	7.697	Primary Tumor	TCGA	Breast
TCGA-C8-A26Y-01	TCGA-C8-A26Y-01	7.697	Primary Tumor	TCGA	Breast
TCGA-GM-A2DN-01	TCGA-GM-A2DN-01	7.695	Primary Tumor	TCGA	Breast
TCGA-AO-A0J4-01	TCGA-AO-A0J4-01	7.688	Primary Tumor	TCGA	Breast
TCGA-A2-A4RX-01	TCGA-A2-A4RX-01	7.685	Primary Tumor	TCGA	Breast
TCGA-BH-A1FR-01	TCGA-BH-A1FR-01	7.683	Primary Tumor	TCGA	Breast
TCGA-W8-A86G-01	TCGA-W8-A86G-01	7.682	Primary Tumor	TCGA	Breast
TCGA-BH-A0DK-01	TCGA-BH-A0DK-01	7.68	Primary Tumor	TCGA	Breast
TCGA-AR-A1AT-01	TCGA-AR-A1AT-01	7.679	Primary Tumor	TCGA	Breast
TCGA-BH-A18V-06	TCGA-BH-A18V-06	7.676	Metastatic	TCGA	Breast
TCGA-A2-A259-01	TCGA-A2-A259-01	7.676	Primary Tumor	TCGA	Breast
TCGA-C8-A12V-01	TCGA-C8-A12V-01	7.674	Primary Tumor	TCGA	Breast
TCGA-AC-A8OP-01	TCGA-AC-A8OP-01	7.673	Primary Tumor	TCGA	Breast
TCGA-A2-A1FV-01	TCGA-A2-A1FV-01	7.672	Primary Tumor	TCGA	Breast
TCGA-BH-A0W3-01	TCGA-BH-A0W3-01	7.671	Primary Tumor	TCGA	Breast
TCGA-E9-A1N9-01	TCGA-E9-A1N9-01	7.669	Primary Tumor	TCGA	Breast
TCGA-A2-A04N-01	TCGA-A2-A04N-01	7.667	Primary Tumor	TCGA	Breast
TCGA-E9-A22D-01	TCGA-E9-A22D-01	7.664	Primary Tumor	TCGA	Breast
TCGA-D8-A1XJ-01	TCGA-D8-A1XJ-01	7.659	Primary Tumor	TCGA	Breast
TCGA-JL-A3YX-01	TCGA-JL-A3YX-01	7.658	Primary Tumor	TCGA	Breast
TCGA-GM-A5PX-01	TCGA-GM-A5PX-01	7.656	Primary Tumor	TCGA	Breast
TCGA-AR-A24N-01	TCGA-AR-A24N-01	7.654	Primary Tumor	TCGA	Breast
TCGA-E2-A15D-01	TCGA-E2-A15D-01	7.654	Primary Tumor	TCGA	Breast
TCGA-E2-A15P-01	TCGA-E2-A15P-01	7.648	Primary Tumor	TCGA	Breast
TCGA-BH-A0BM-01	TCGA-BH-A0BM-01	7.647	Primary Tumor	TCGA	Breast
TCGA-C8-A12Y-01	TCGA-C8-A12Y-01	7.64	Primary Tumor	TCGA	Breast
TCGA-PL-A8LX-01	TCGA-PL-A8LX-01	7.639	Primary Tumor	TCGA	Breast
TCGA-AR-A0TX-01	TCGA-AR-A0TX-01	7.636	Primary Tumor	TCGA	Breast
TCGA-AC-A5XU-01	TCGA-AC-A5XU-01	7.634	Primary Tumor	TCGA	Breast
TCGA-E2-A1LH-01	TCGA-E2-A1LH-01	7.63	Primary Tumor	TCGA	Breast
TCGA-BH-A209-01	TCGA-BH-A209-01	7.629	Primary Tumor	TCGA	Breast
TCGA-B6-A402-01	TCGA-B6-A402-01	7.628	Primary Tumor	TCGA	Breast
TCGA-GM-A3XL-01	TCGA-GM-A3XL-01	7.628	Primary Tumor	TCGA	Breast
TCGA-OL-A5DA-01	TCGA-OL-A5DA-01	7.628	Primary Tumor	TCGA	Breast
TCGA-A2-A0CT-01	TCGA-A2-A0CT-01	7.626	Primary Tumor	TCGA	Breast
TCGA-LL-A50Y-01	TCGA-LL-A50Y-01	7.625	Primary Tumor	TCGA	Breast
TCGA-BH-A0GZ-01	TCGA-BH-A0GZ-01	7.62	Primary Tumor	TCGA	Breast
TCGA-D8-A140-01	TCGA-D8-A140-01	7.62	Primary Tumor	TCGA	Breast
TCGA-LD-A7W6-01	TCGA-LD-A7W6-01	7.615	Primary Tumor	TCGA	Breast
TCGA-BH-A0C7-01	TCGA-BH-A0C7-01	7.613	Primary Tumor	TCGA	Breast
TCGA-BH-A18S-01	TCGA-BH-A18S-01	7.61	Primary Tumor	TCGA	Breast
TCGA-A7-A3IZ-01	TCGA-A7-A3IZ-01	7.607	Primary Tumor	TCGA	Breast
TCGA-EW-A2FS-01	TCGA-EW-A2FS-01	7.607	Primary Tumor	TCGA	Breast
TCGA-B6-A0RO-01	TCGA-B6-A0RO-01	7.604	Primary Tumor	TCGA	Breast
TCGA-E9-A3X8-01	TCGA-E9-A3X8-01	7.604	Primary Tumor	TCGA	Breast
TCGA-E2-A10B-01	TCGA-E2-A10B-01	7.596	Primary Tumor	TCGA	Breast
TCGA-E2-A1L7-01	TCGA-E2-A1L7-01	7.595	Primary Tumor	TCGA	Breast
TCGA-B6-A0RE-01	TCGA-B6-A0RE-01	7.593	Primary Tumor	TCGA	Breast
TCGA-A7-A4SD-01	TCGA-A7-A4SD-01	7.591	Primary Tumor	TCGA	Breast
TCGA-A8-A08A-01	TCGA-A8-A08A-01	7.589	Primary Tumor	TCGA	Breast
TCGA-LL-A6FQ-01	TCGA-LL-A6FQ-01	7.589	Primary Tumor	TCGA	Breast
TCGA-OL-A5D8-01	TCGA-OL-A5D8-01	7.588	Primary Tumor	TCGA	Breast
TCGA-A8-A07O-01	TCGA-A8-A07O-01	7.585	Primary Tumor	TCGA	Breast
TCGA-D8-A27F-01	TCGA-D8-A27F-01	7.585	Primary Tumor	TCGA	Breast
TCGA-E9-A1RD-01	TCGA-E9-A1RD-01	7.584	Primary Tumor	TCGA	Breast
TCGA-A8-A08L-01	TCGA-A8-A08L-01	7.583	Primary Tumor	TCGA	Breast
TCGA-AN-A0XV-01	TCGA-AN-A0XV-01	7.581	Primary Tumor	TCGA	Breast
TCGA-EW-A1IZ-01	TCGA-EW-A1IZ-01	7.581	Primary Tumor	TCGA	Breast
TCGA-C8-A3M7-01	TCGA-C8-A3M7-01	7.579	Primary Tumor	TCGA	Breast
TCGA-B6-A0IE-01	TCGA-B6-A0IE-01	7.578	Primary Tumor	TCGA	Breast
TCGA-A8-A09B-01	TCGA-A8-A09B-01	7.574	Primary Tumor	TCGA	Breast
TCGA-E9-A244-01	TCGA-E9-A244-01	7.562	Primary Tumor	TCGA	Breast
TCGA-BH-A0BW-01	TCGA-BH-A0BW-01	7.557	Primary Tumor	TCGA	Breast
TCGA-A8-A095-01	TCGA-A8-A095-01	7.549	Primary Tumor	TCGA	Breast
TCGA-BH-A8FY-01	TCGA-BH-A8FY-01	7.549	Primary Tumor	TCGA	Breast
TCGA-AN-A0XL-01	TCGA-AN-A0XL-01	7.548	Primary Tumor	TCGA	Breast
TCGA-B6-A1KC-01	TCGA-B6-A1KC-01	7.548	Primary Tumor	TCGA	Breast
TCGA-A2-A0YG-01	TCGA-A2-A0YG-01	7.545	Primary Tumor	TCGA	Breast
TCGA-AO-A03P-01	TCGA-AO-A03P-01	7.54	Primary Tumor	TCGA	Breast
TCGA-A8-A06U-01	TCGA-A8-A06U-01	7.534	Primary Tumor	TCGA	Breast
GTEX-132Q8-1426-SM-5EGK7	GTEX-132Q8-1426-SM-5EGK7	7.533	Normal Tissue	GTEX	Breast
TCGA-E2-A576-01	TCGA-E2-A576-01	7.526	Primary Tumor	TCGA	Breast
TCGA-A8-A085-01	TCGA-A8-A085-01	7.525	Primary Tumor	TCGA	Breast
TCGA-AC-A6IW-01	TCGA-AC-A6IW-01	7.524	Primary Tumor	TCGA	Breast
TCGA-LL-A7T0-01	TCGA-LL-A7T0-01	7.523	Primary Tumor	TCGA	Breast
TCGA-E9-A1R6-01	TCGA-E9-A1R6-01	7.522	Primary Tumor	TCGA	Breast
TCGA-AQ-A54O-01	TCGA-AQ-A54O-01	7.517	Primary Tumor	TCGA	Breast
TCGA-BH-A0BG-01	TCGA-BH-A0BG-01	7.517	Primary Tumor	TCGA	Breast
TCGA-BH-A0DH-01	TCGA-BH-A0DH-01	7.516	Primary Tumor	TCGA	Breast
TCGA-A8-A06Y-01	TCGA-A8-A06Y-01	7.51	Primary Tumor	TCGA	Breast
TCGA-A2-A4S3-01	TCGA-A2-A4S3-01	7.507	Primary Tumor	TCGA	Breast
TCGA-A8-A093-01	TCGA-A8-A093-01	7.504	Primary Tumor	TCGA	Breast
TCGA-A7-A4SB-01	TCGA-A7-A4SB-01	7.503	Primary Tumor	TCGA	Breast
TCGA-AC-A2BM-01	TCGA-AC-A2BM-01	7.502	Primary Tumor	TCGA	Breast
TCGA-AN-A0XP-01	TCGA-AN-A0XP-01	7.502	Primary Tumor	TCGA	Breast
TCGA-B6-A0I9-01	TCGA-B6-A0I9-01	7.5	Primary Tumor	TCGA	Breast
TCGA-EW-A1OY-01	TCGA-EW-A1OY-01	7.499	Primary Tumor	TCGA	Breast
TCGA-A2-A3XW-01	TCGA-A2-A3XW-01	7.496	Primary Tumor	TCGA	Breast
TCGA-B6-A0RH-01	TCGA-B6-A0RH-01	7.493	Primary Tumor	TCGA	Breast
TCGA-E2-A1IL-01	TCGA-E2-A1IL-01	7.492	Primary Tumor	TCGA	Breast
TCGA-E2-A15K-01	TCGA-E2-A15K-01	7.491	Primary Tumor	TCGA	Breast
TCGA-AR-A0U2-01	TCGA-AR-A0U2-01	7.49	Primary Tumor	TCGA	Breast
TCGA-A8-A09T-01	TCGA-A8-A09T-01	7.489	Primary Tumor	TCGA	Breast
TCGA-A8-A0AB-01	TCGA-A8-A0AB-01	7.488	Primary Tumor	TCGA	Breast
TCGA-E2-A107-01	TCGA-E2-A107-01	7.486	Primary Tumor	TCGA	Breast
TCGA-A2-A1G4-01	TCGA-A2-A1G4-01	7.484	Primary Tumor	TCGA	Breast
TCGA-E2-A154-01	TCGA-E2-A154-01	7.484	Primary Tumor	TCGA	Breast
TCGA-BH-A1EN-01	TCGA-BH-A1EN-01	7.481	Primary Tumor	TCGA	Breast
TCGA-E2-A15J-01	TCGA-E2-A15J-01	7.475	Primary Tumor	TCGA	Breast
TCGA-E2-A1IU-01	TCGA-E2-A1IU-01	7.475	Primary Tumor	TCGA	Breast
TCGA-LL-A441-01	TCGA-LL-A441-01	7.471	Primary Tumor	TCGA	Breast
TCGA-AO-A126-01	TCGA-AO-A126-01	7.464	Primary Tumor	TCGA	Breast
TCGA-A2-A3KD-01	TCGA-A2-A3KD-01	7.463	Primary Tumor	TCGA	Breast
TCGA-E2-A15C-01	TCGA-E2-A15C-01	7.463	Primary Tumor	TCGA	Breast
TCGA-AO-A03R-01	TCGA-AO-A03R-01	7.451	Primary Tumor	TCGA	Breast
TCGA-E2-A1BD-01	TCGA-E2-A1BD-01	7.449	Primary Tumor	TCGA	Breast
TCGA-AR-A0TQ-01	TCGA-AR-A0TQ-01	7.448	Primary Tumor	TCGA	Breast
TCGA-A7-A0CH-01	TCGA-A7-A0CH-01	7.446	Primary Tumor	TCGA	Breast
TCGA-C8-A12Z-01	TCGA-C8-A12Z-01	7.444	Primary Tumor	TCGA	Breast
TCGA-BH-A18R-01	TCGA-BH-A18R-01	7.438	Primary Tumor	TCGA	Breast
TCGA-E9-A2JT-01	TCGA-E9-A2JT-01	7.438	Primary Tumor	TCGA	Breast
TCGA-WT-AB44-01	TCGA-WT-AB44-01	7.436	Primary Tumor	TCGA	Breast
TCGA-C8-A12X-01	TCGA-C8-A12X-01	7.435	Primary Tumor	TCGA	Breast
TCGA-BH-A0BS-01	TCGA-BH-A0BS-01	7.434	Primary Tumor	TCGA	Breast
TCGA-C8-A137-01	TCGA-C8-A137-01	7.432	Primary Tumor	TCGA	Breast
TCGA-D8-A1X7-01	TCGA-D8-A1X7-01	7.432	Primary Tumor	TCGA	Breast
TCGA-BH-A0C0-01	TCGA-BH-A0C0-01	7.426	Primary Tumor	TCGA	Breast
TCGA-AR-A2LE-01	TCGA-AR-A2LE-01	7.424	Primary Tumor	TCGA	Breast
TCGA-E2-A2P5-01	TCGA-E2-A2P5-01	7.423	Primary Tumor	TCGA	Breast
TCGA-AO-A12H-01	TCGA-AO-A12H-01	7.422	Primary Tumor	TCGA	Breast
TCGA-AQ-A1H2-01	TCGA-AQ-A1H2-01	7.419	Primary Tumor	TCGA	Breast
TCGA-3C-AALJ-01	TCGA-3C-AALJ-01	7.417	Primary Tumor	TCGA	Breast
TCGA-EW-A1P0-01	TCGA-EW-A1P0-01	7.416	Primary Tumor	TCGA	Breast
TCGA-A8-A09C-01	TCGA-A8-A09C-01	7.415	Primary Tumor	TCGA	Breast
TCGA-GM-A3NY-01	TCGA-GM-A3NY-01	7.415	Primary Tumor	TCGA	Breast
TCGA-EW-A1J1-01	TCGA-EW-A1J1-01	7.414	Primary Tumor	TCGA	Breast
TCGA-D8-A3Z5-01	TCGA-D8-A3Z5-01	7.413	Primary Tumor	TCGA	Breast
TCGA-EW-A1P3-01	TCGA-EW-A1P3-01	7.413	Primary Tumor	TCGA	Breast
TCGA-E2-A109-01	TCGA-E2-A109-01	7.398	Primary Tumor	TCGA	Breast
TCGA-E2-A14Q-01	TCGA-E2-A14Q-01	7.395	Primary Tumor	TCGA	Breast
TCGA-E2-A1BC-01	TCGA-E2-A1BC-01	7.386	Primary Tumor	TCGA	Breast
TCGA-E9-A3Q9-01	TCGA-E9-A3Q9-01	7.381	Primary Tumor	TCGA	Breast
TCGA-B6-A0I8-01	TCGA-B6-A0I8-01	7.379	Primary Tumor	TCGA	Breast
TCGA-A2-A04X-01	TCGA-A2-A04X-01	7.367	Primary Tumor	TCGA	Breast
TCGA-A1-A0SQ-01	TCGA-A1-A0SQ-01	7.364	Primary Tumor	TCGA	Breast
TCGA-A2-A0D2-01	TCGA-A2-A0D2-01	7.364	Primary Tumor	TCGA	Breast
TCGA-AC-A6IX-06	TCGA-AC-A6IX-06	7.363	Metastatic	TCGA	Breast
TCGA-E9-A1R7-01	TCGA-E9-A1R7-01	7.351	Primary Tumor	TCGA	Breast
TCGA-EW-A6SB-01	TCGA-EW-A6SB-01	7.35	Primary Tumor	TCGA	Breast
TCGA-AO-A03N-01	TCGA-AO-A03N-01	7.348	Primary Tumor	TCGA	Breast
TCGA-BH-A0B8-01	TCGA-BH-A0B8-01	7.348	Primary Tumor	TCGA	Breast
TCGA-AR-A0TV-01	TCGA-AR-A0TV-01	7.347	Primary Tumor	TCGA	Breast
TCGA-OL-A5RU-01	TCGA-OL-A5RU-01	7.346	Primary Tumor	TCGA	Breast
TCGA-E9-A249-01	TCGA-E9-A249-01	7.345	Primary Tumor	TCGA	Breast
TCGA-S3-AA11-01	TCGA-S3-AA11-01	7.341	Primary Tumor	TCGA	Breast
TCGA-GM-A2DO-01	TCGA-GM-A2DO-01	7.34	Primary Tumor	TCGA	Breast
TCGA-E9-A5UP-01	TCGA-E9-A5UP-01	7.338	Primary Tumor	TCGA	Breast
TCGA-AO-A0JB-01	TCGA-AO-A0JB-01	7.336	Primary Tumor	TCGA	Breast
TCGA-LL-A5YN-01	TCGA-LL-A5YN-01	7.336	Primary Tumor	TCGA	Breast
TCGA-BH-A18T-01	TCGA-BH-A18T-01	7.334	Primary Tumor	TCGA	Breast
TCGA-AN-A0AL-01	TCGA-AN-A0AL-01	7.329	Primary Tumor	TCGA	Breast
TCGA-E2-A15A-06	TCGA-E2-A15A-06	7.327	Metastatic	TCGA	Breast
TCGA-AC-A8OR-01	TCGA-AC-A8OR-01	7.327	Primary Tumor	TCGA	Breast
TCGA-GM-A2DB-01	TCGA-GM-A2DB-01	7.325	Primary Tumor	TCGA	Breast
TCGA-BH-A0HK-01	TCGA-BH-A0HK-01	7.324	Primary Tumor	TCGA	Breast
TCGA-C8-A274-01	TCGA-C8-A274-01	7.324	Primary Tumor	TCGA	Breast
TCGA-PE-A5DC-01	TCGA-PE-A5DC-01	7.319	Primary Tumor	TCGA	Breast
TCGA-A8-A08C-01	TCGA-A8-A08C-01	7.317	Primary Tumor	TCGA	Breast
TCGA-E9-A22G-01	TCGA-E9-A22G-01	7.311	Primary Tumor	TCGA	Breast
TCGA-PL-A8LV-01	TCGA-PL-A8LV-01	7.311	Primary Tumor	TCGA	Breast
TCGA-E2-A15E-06	TCGA-E2-A15E-06	7.309	Metastatic	TCGA	Breast
TCGA-E9-A22H-01	TCGA-E9-A22H-01	7.306	Primary Tumor	TCGA	Breast
TCGA-EW-A1P6-01	TCGA-EW-A1P6-01	7.302	Primary Tumor	TCGA	Breast
GTEX-XGQ4-0926-SM-4AT4U	GTEX-XGQ4-0926-SM-4AT4U	7.301	Normal Tissue	GTEX	Breast
TCGA-B6-A0IP-01	TCGA-B6-A0IP-01	7.301	Primary Tumor	TCGA	Breast
TCGA-EW-A2FW-01	TCGA-EW-A2FW-01	7.299	Primary Tumor	TCGA	Breast
TCGA-A8-A09V-01	TCGA-A8-A09V-01	7.297	Primary Tumor	TCGA	Breast
TCGA-BH-A18G-01	TCGA-BH-A18G-01	7.291	Primary Tumor	TCGA	Breast
TCGA-B6-A2IU-01	TCGA-B6-A2IU-01	7.289	Primary Tumor	TCGA	Breast
TCGA-A2-A0CL-01	TCGA-A2-A0CL-01	7.288	Primary Tumor	TCGA	Breast
TCGA-GM-A2DH-01	TCGA-GM-A2DH-01	7.285	Primary Tumor	TCGA	Breast
TCGA-AR-A0U3-01	TCGA-AR-A0U3-01	7.283	Primary Tumor	TCGA	Breast
TCGA-E2-A56Z-01	TCGA-E2-A56Z-01	7.28	Primary Tumor	TCGA	Breast
TCGA-E9-A1N3-01	TCGA-E9-A1N3-01	7.278	Primary Tumor	TCGA	Breast
TCGA-E2-A105-01	TCGA-E2-A105-01	7.275	Primary Tumor	TCGA	Breast
TCGA-E2-A15G-01	TCGA-E2-A15G-01	7.265	Primary Tumor	TCGA	Breast
TCGA-B6-A0RM-01	TCGA-B6-A0RM-01	7.263	Primary Tumor	TCGA	Breast
TCGA-OL-A5RW-01	TCGA-OL-A5RW-01	7.259	Primary Tumor	TCGA	Breast
TCGA-BH-A1F8-01	TCGA-BH-A1F8-01	7.253	Primary Tumor	TCGA	Breast
TCGA-AO-A03T-01	TCGA-AO-A03T-01	7.252	Primary Tumor	TCGA	Breast
TCGA-PL-A8LZ-01	TCGA-PL-A8LZ-01	7.249	Primary Tumor	TCGA	Breast
GTEX-XUZC-1626-SM-4BRVP	GTEX-XUZC-1626-SM-4BRVP	7.246	Normal Tissue	GTEX	Breast
TCGA-A2-A1FW-01	TCGA-A2-A1FW-01	7.245	Primary Tumor	TCGA	Breast
TCGA-AO-A03V-01	TCGA-AO-A03V-01	7.243	Primary Tumor	TCGA	Breast
TCGA-A2-A0EQ-01	TCGA-A2-A0EQ-01	7.241	Primary Tumor	TCGA	Breast
TCGA-B6-A0IG-01	TCGA-B6-A0IG-01	7.241	Primary Tumor	TCGA	Breast
TCGA-BH-A1FL-01	TCGA-BH-A1FL-01	7.237	Primary Tumor	TCGA	Breast
TCGA-AC-A2FM-01	TCGA-AC-A2FM-01	7.234	Primary Tumor	TCGA	Breast
TCGA-E2-A1B6-01	TCGA-E2-A1B6-01	7.234	Primary Tumor	TCGA	Breast
TCGA-BH-A0HY-01	TCGA-BH-A0HY-01	7.233	Primary Tumor	TCGA	Breast
TCGA-AC-A6NO-01	TCGA-AC-A6NO-01	7.228	Primary Tumor	TCGA	Breast
TCGA-E2-A14P-01	TCGA-E2-A14P-01	7.223	Primary Tumor	TCGA	Breast
TCGA-AO-A1KQ-01	TCGA-AO-A1KQ-01	7.218	Primary Tumor	TCGA	Breast
TCGA-V7-A7HQ-01	TCGA-V7-A7HQ-01	7.217	Primary Tumor	TCGA	Breast
TCGA-A8-A07B-01	TCGA-A8-A07B-01	7.215	Primary Tumor	TCGA	Breast
TCGA-D8-A1X6-01	TCGA-D8-A1X6-01	7.211	Primary Tumor	TCGA	Breast
TCGA-OL-A5D7-01	TCGA-OL-A5D7-01	7.203	Primary Tumor	TCGA	Breast
TCGA-AO-A03O-01	TCGA-AO-A03O-01	7.199	Primary Tumor	TCGA	Breast
TCGA-A8-A07R-01	TCGA-A8-A07R-01	7.195	Primary Tumor	TCGA	Breast
TCGA-BH-A18H-01	TCGA-BH-A18H-01	7.194	Primary Tumor	TCGA	Breast
TCGA-UL-AAZ6-01	TCGA-UL-AAZ6-01	7.194	Primary Tumor	TCGA	Breast
TCGA-C8-A1HO-01	TCGA-C8-A1HO-01	7.193	Primary Tumor	TCGA	Breast
TCGA-BH-A0E7-01	TCGA-BH-A0E7-01	7.191	Primary Tumor	TCGA	Breast
TCGA-B6-A0IM-01	TCGA-B6-A0IM-01	7.184	Primary Tumor	TCGA	Breast
TCGA-E9-A1RE-01	TCGA-E9-A1RE-01	7.176	Primary Tumor	TCGA	Breast
TCGA-OL-A66O-01	TCGA-OL-A66O-01	7.176	Primary Tumor	TCGA	Breast
TCGA-A2-A0CU-01	TCGA-A2-A0CU-01	7.174	Primary Tumor	TCGA	Breast
TCGA-AR-A0TZ-01	TCGA-AR-A0TZ-01	7.172	Primary Tumor	TCGA	Breast
TCGA-E2-A14O-01	TCGA-E2-A14O-01	7.171	Primary Tumor	TCGA	Breast
TCGA-AR-A0TY-01	TCGA-AR-A0TY-01	7.169	Primary Tumor	TCGA	Breast
TCGA-C8-A12L-01	TCGA-C8-A12L-01	7.169	Primary Tumor	TCGA	Breast
TCGA-C8-A27A-01	TCGA-C8-A27A-01	7.169	Primary Tumor	TCGA	Breast
TCGA-A2-A0CS-01	TCGA-A2-A0CS-01	7.161	Primary Tumor	TCGA	Breast
TCGA-GM-A2DC-01	TCGA-GM-A2DC-01	7.16	Primary Tumor	TCGA	Breast
TCGA-A8-A06X-01	TCGA-A8-A06X-01	7.158	Primary Tumor	TCGA	Breast
TCGA-BH-A0H9-01	TCGA-BH-A0H9-01	7.157	Primary Tumor	TCGA	Breast
TCGA-AO-A0J7-01	TCGA-AO-A0J7-01	7.154	Primary Tumor	TCGA	Breast
TCGA-E9-A295-01	TCGA-E9-A295-01	7.153	Primary Tumor	TCGA	Breast
TCGA-A2-A0ER-01	TCGA-A2-A0ER-01	7.135	Primary Tumor	TCGA	Breast
TCGA-3C-AALI-01	TCGA-3C-AALI-01	7.129	Primary Tumor	TCGA	Breast
TCGA-E2-A14V-01	TCGA-E2-A14V-01	7.129	Primary Tumor	TCGA	Breast
TCGA-AQ-A04H-01	TCGA-AQ-A04H-01	7.125	Primary Tumor	TCGA	Breast
TCGA-OL-A6VR-01	TCGA-OL-A6VR-01	7.125	Primary Tumor	TCGA	Breast
TCGA-A2-A3XV-01	TCGA-A2-A3XV-01	7.124	Primary Tumor	TCGA	Breast
TCGA-BH-A1FG-01	TCGA-BH-A1FG-01	7.124	Primary Tumor	TCGA	Breast
TCGA-AO-A03M-01	TCGA-AO-A03M-01	7.119	Primary Tumor	TCGA	Breast
TCGA-BH-A1FJ-01	TCGA-BH-A1FJ-01	7.119	Primary Tumor	TCGA	Breast
TCGA-D8-A27E-01	TCGA-D8-A27E-01	7.119	Primary Tumor	TCGA	Breast
GTEX-U412-1826-SM-4DXTJ	GTEX-U412-1826-SM-4DXTJ	7.118	Normal Tissue	GTEX	Breast
TCGA-E2-A1LK-01	TCGA-E2-A1LK-01	7.115	Primary Tumor	TCGA	Breast
TCGA-B6-A409-01	TCGA-B6-A409-01	7.11	Primary Tumor	TCGA	Breast
TCGA-A8-A07U-01	TCGA-A8-A07U-01	7.094	Primary Tumor	TCGA	Breast
GTEX-145ME-1526-SM-5Q5F2	GTEX-145ME-1526-SM-5Q5F2	7.092	Normal Tissue	GTEX	Breast
TCGA-A8-A09G-01	TCGA-A8-A09G-01	7.092	Primary Tumor	TCGA	Breast
TCGA-AO-A0JD-01	TCGA-AO-A0JD-01	7.091	Primary Tumor	TCGA	Breast
TCGA-C8-A26V-01	TCGA-C8-A26V-01	7.084	Primary Tumor	TCGA	Breast
TCGA-A2-A25E-01	TCGA-A2-A25E-01	7.078	Primary Tumor	TCGA	Breast
TCGA-AC-A3TN-01	TCGA-AC-A3TN-01	7.077	Primary Tumor	TCGA	Breast
TCGA-E2-A1IE-01	TCGA-E2-A1IE-01	7.075	Primary Tumor	TCGA	Breast
TCGA-B6-A0RG-01	TCGA-B6-A0RG-01	7.073	Primary Tumor	TCGA	Breast
TCGA-AN-A0FJ-01	TCGA-AN-A0FJ-01	7.072	Primary Tumor	TCGA	Breast
TCGA-AN-A0FK-01	TCGA-AN-A0FK-01	7.067	Primary Tumor	TCGA	Breast
TCGA-LL-A5YM-01	TCGA-LL-A5YM-01	7.063	Primary Tumor	TCGA	Breast
TCGA-B6-A0X7-01	TCGA-B6-A0X7-01	7.057	Primary Tumor	TCGA	Breast
TCGA-D8-A27V-01	TCGA-D8-A27V-01	7.056	Primary Tumor	TCGA	Breast
TCGA-A2-A0EU-01	TCGA-A2-A0EU-01	7.05	Primary Tumor	TCGA	Breast
TCGA-AR-A24Z-01	TCGA-AR-A24Z-01	7.05	Primary Tumor	TCGA	Breast
TCGA-E2-A10C-01	TCGA-E2-A10C-01	7.05	Primary Tumor	TCGA	Breast
TCGA-BH-A0HN-01	TCGA-BH-A0HN-01	7.043	Primary Tumor	TCGA	Breast
TCGA-BH-A6R8-01	TCGA-BH-A6R8-01	7.043	Primary Tumor	TCGA	Breast
TCGA-E2-A106-01	TCGA-E2-A106-01	7.027	Primary Tumor	TCGA	Breast
TCGA-A2-A04R-01	TCGA-A2-A04R-01	7.015	Primary Tumor	TCGA	Breast
TCGA-A7-A0CD-01	TCGA-A7-A0CD-01	7.008	Primary Tumor	TCGA	Breast
TCGA-BH-A0B6-01	TCGA-BH-A0B6-01	7.008	Primary Tumor	TCGA	Breast
TCGA-E2-A15O-01	TCGA-E2-A15O-01	7.005	Primary Tumor	TCGA	Breast
TCGA-A2-A0YT-01	TCGA-A2-A0YT-01	7.002	Primary Tumor	TCGA	Breast
TCGA-B6-A0IO-01	TCGA-B6-A0IO-01	6.999	Primary Tumor	TCGA	Breast
TCGA-E2-A15R-01	TCGA-E2-A15R-01	6.995	Primary Tumor	TCGA	Breast
TCGA-AR-A0TW-01	TCGA-AR-A0TW-01	6.992	Primary Tumor	TCGA	Breast
TCGA-AR-A24K-01	TCGA-AR-A24K-01	6.989	Primary Tumor	TCGA	Breast
TCGA-B6-A0RV-01	TCGA-B6-A0RV-01	6.983	Primary Tumor	TCGA	Breast
GTEX-11P82-1326-SM-5HL62	GTEX-11P82-1326-SM-5HL62	6.981	Normal Tissue	GTEX	Breast
TCGA-A8-A08S-01	TCGA-A8-A08S-01	6.969	Primary Tumor	TCGA	Breast
TCGA-AR-A24X-01	TCGA-AR-A24X-01	6.958	Primary Tumor	TCGA	Breast
TCGA-D8-A1XV-01	TCGA-D8-A1XV-01	6.953	Primary Tumor	TCGA	Breast
TCGA-D8-A1JI-01	TCGA-D8-A1JI-01	6.952	Primary Tumor	TCGA	Breast
TCGA-BH-A0DD-01	TCGA-BH-A0DD-01	6.948	Primary Tumor	TCGA	Breast
TCGA-C8-A1HK-01	TCGA-C8-A1HK-01	6.947	Primary Tumor	TCGA	Breast
TCGA-AN-A0AK-01	TCGA-AN-A0AK-01	6.944	Primary Tumor	TCGA	Breast
TCGA-A2-A0D4-01	TCGA-A2-A0D4-01	6.939	Primary Tumor	TCGA	Breast
TCGA-B6-A0X0-01	TCGA-B6-A0X0-01	6.936	Primary Tumor	TCGA	Breast
TCGA-BH-A1ES-06	TCGA-BH-A1ES-06	6.935	Metastatic	TCGA	Breast
TCGA-A2-A0CY-01	TCGA-A2-A0CY-01	6.922	Primary Tumor	TCGA	Breast
TCGA-A8-A06T-01	TCGA-A8-A06T-01	6.921	Primary Tumor	TCGA	Breast
TCGA-A7-A0CJ-01	TCGA-A7-A0CJ-01	6.915	Primary Tumor	TCGA	Breast
TCGA-AN-A0XR-01	TCGA-AN-A0XR-01	6.91	Primary Tumor	TCGA	Breast
TCGA-B6-A0RN-01	TCGA-B6-A0RN-01	6.909	Primary Tumor	TCGA	Breast
TCGA-OL-A5RZ-01	TCGA-OL-A5RZ-01	6.909	Primary Tumor	TCGA	Breast
TCGA-AO-A0J6-01	TCGA-AO-A0J6-01	6.904	Primary Tumor	TCGA	Breast
TCGA-A8-A081-01	TCGA-A8-A081-01	6.899	Primary Tumor	TCGA	Breast
TCGA-A8-A09Z-01	TCGA-A8-A09Z-01	6.896	Primary Tumor	TCGA	Breast
TCGA-A8-A07Z-01	TCGA-A8-A07Z-01	6.895	Primary Tumor	TCGA	Breast
TCGA-EW-A1PC-01	TCGA-EW-A1PC-01	6.875	Primary Tumor	TCGA	Breast
TCGA-B6-A0IK-01	TCGA-B6-A0IK-01	6.85	Primary Tumor	TCGA	Breast
TCGA-A2-A3XU-01	TCGA-A2-A3XU-01	6.849	Primary Tumor	TCGA	Breast
TCGA-A8-A09N-01	TCGA-A8-A09N-01	6.846	Primary Tumor	TCGA	Breast
TCGA-BH-A0HU-01	TCGA-BH-A0HU-01	6.843	Primary Tumor	TCGA	Breast
TCGA-AR-A0TU-01	TCGA-AR-A0TU-01	6.826	Primary Tumor	TCGA	Breast
TCGA-A7-A3J0-01	TCGA-A7-A3J0-01	6.819	Primary Tumor	TCGA	Breast
TCGA-AO-A128-01	TCGA-AO-A128-01	6.815	Primary Tumor	TCGA	Breast
TCGA-A7-A4SF-01	TCGA-A7-A4SF-01	6.798	Primary Tumor	TCGA	Breast
TCGA-AR-A0U0-01	TCGA-AR-A0U0-01	6.783	Primary Tumor	TCGA	Breast
TCGA-A8-A099-01	TCGA-A8-A099-01	6.772	Primary Tumor	TCGA	Breast
TCGA-A2-A0D3-01	TCGA-A2-A0D3-01	6.768	Primary Tumor	TCGA	Breast
TCGA-A8-A09K-01	TCGA-A8-A09K-01	6.768	Primary Tumor	TCGA	Breast
TCGA-B6-A0X5-01	TCGA-B6-A0X5-01	6.767	Primary Tumor	TCGA	Breast
TCGA-B6-A0WW-01	TCGA-B6-A0WW-01	6.765	Primary Tumor	TCGA	Breast
TCGA-S3-A6ZH-01	TCGA-S3-A6ZH-01	6.758	Primary Tumor	TCGA	Breast
TCGA-E2-A155-01	TCGA-E2-A155-01	6.753	Primary Tumor	TCGA	Breast
TCGA-E2-A1B4-01	TCGA-E2-A1B4-01	6.749	Primary Tumor	TCGA	Breast
TCGA-AN-A0XT-01	TCGA-AN-A0XT-01	6.728	Primary Tumor	TCGA	Breast
TCGA-A8-A09E-01	TCGA-A8-A09E-01	6.727	Primary Tumor	TCGA	Breast
TCGA-E2-A15T-01	TCGA-E2-A15T-01	6.723	Primary Tumor	TCGA	Breast
TCGA-D8-A1JM-01	TCGA-D8-A1JM-01	6.717	Primary Tumor	TCGA	Breast
TCGA-D8-A1XR-01	TCGA-D8-A1XR-01	6.694	Primary Tumor	TCGA	Breast
TCGA-AR-A24H-01	TCGA-AR-A24H-01	6.68	Primary Tumor	TCGA	Breast
GTEX-U8XE-0826-SM-4E3J1	GTEX-U8XE-0826-SM-4E3J1	6.651	Normal Tissue	GTEX	Breast
TCGA-D8-A1XC-01	TCGA-D8-A1XC-01	6.646	Primary Tumor	TCGA	Breast
TCGA-A8-A06Z-01	TCGA-A8-A06Z-01	6.622	Primary Tumor	TCGA	Breast
TCGA-D8-A1XL-01	TCGA-D8-A1XL-01	6.609	Primary Tumor	TCGA	Breast
TCGA-B6-A0I1-01	TCGA-B6-A0I1-01	6.573	Primary Tumor	TCGA	Breast
TCGA-E2-A14W-01	TCGA-E2-A14W-01	6.569	Primary Tumor	TCGA	Breast
TCGA-WT-AB41-01	TCGA-WT-AB41-01	6.558	Primary Tumor	TCGA	Breast
TCGA-C8-A12U-01	TCGA-C8-A12U-01	6.527	Primary Tumor	TCGA	Breast
TCGA-LQ-A4E4-01	TCGA-LQ-A4E4-01	6.518	Primary Tumor	TCGA	Breast
TCGA-S3-AA12-01	TCGA-S3-AA12-01	6.51	Primary Tumor	TCGA	Breast
TCGA-EW-A6SA-01	TCGA-EW-A6SA-01	6.489	Primary Tumor	TCGA	Breast
TCGA-BH-A0HL-01	TCGA-BH-A0HL-01	6.451	Primary Tumor	TCGA	Breast
TCGA-AN-A0FL-01	TCGA-AN-A0FL-01	6.45	Primary Tumor	TCGA	Breast
TCGA-D8-A1XF-01	TCGA-D8-A1XF-01	6.441	Primary Tumor	TCGA	Breast
TCGA-B6-A0X4-01	TCGA-B6-A0X4-01	6.43	Primary Tumor	TCGA	Breast
TCGA-E9-A3HO-01	TCGA-E9-A3HO-01	6.426	Primary Tumor	TCGA	Breast
TCGA-BH-A1F5-01	TCGA-BH-A1F5-01	6.381	Primary Tumor	TCGA	Breast
TCGA-B6-A0WV-01	TCGA-B6-A0WV-01	6.35	Primary Tumor	TCGA	Breast
TCGA-A2-A0ET-01	TCGA-A2-A0ET-01	6.337	Primary Tumor	TCGA	Breast
TCGA-BH-A18L-01	TCGA-BH-A18L-01	6.337	Primary Tumor	TCGA	Breast
TCGA-EW-A1PB-01	TCGA-EW-A1PB-01	6.334	Primary Tumor	TCGA	Breast
TCGA-B6-A0WZ-01	TCGA-B6-A0WZ-01	6.326	Primary Tumor	TCGA	Breast
TCGA-A7-A3RF-01	TCGA-A7-A3RF-01	6.323	Primary Tumor	TCGA	Breast
TCGA-AC-A62X-01	TCGA-AC-A62X-01	6.323	Primary Tumor	TCGA	Breast
TCGA-E2-A1LG-01	TCGA-E2-A1LG-01	6.297	Primary Tumor	TCGA	Breast
TCGA-AO-A1KP-01	TCGA-AO-A1KP-01	6.293	Primary Tumor	TCGA	Breast
TCGA-5T-A9QA-01	TCGA-5T-A9QA-01	6.273	Primary Tumor	TCGA	Breast
TCGA-LL-A6FP-01	TCGA-LL-A6FP-01	6.27	Primary Tumor	TCGA	Breast
TCGA-D8-A1JS-01	TCGA-D8-A1JS-01	6.252	Primary Tumor	TCGA	Breast
TCGA-AO-A1KR-01	TCGA-AO-A1KR-01	6.213	Primary Tumor	TCGA	Breast
TCGA-E2-A156-01	TCGA-E2-A156-01	6.212	Primary Tumor	TCGA	Breast
TCGA-E2-A572-01	TCGA-E2-A572-01	6.194	Primary Tumor	TCGA	Breast
TCGA-B6-A0IC-01	TCGA-B6-A0IC-01	6.181	Primary Tumor	TCGA	Breast
TCGA-C8-A12M-01	TCGA-C8-A12M-01	6.181	Primary Tumor	TCGA	Breast
TCGA-AO-A12B-01	TCGA-AO-A12B-01	6.178	Primary Tumor	TCGA	Breast
TCGA-AO-A0JI-01	TCGA-AO-A0JI-01	6.168	Primary Tumor	TCGA	Breast
TCGA-AO-A124-01	TCGA-AO-A124-01	6.162	Primary Tumor	TCGA	Breast
TCGA-A8-A083-01	TCGA-A8-A083-01	6.123	Primary Tumor	TCGA	Breast
TCGA-BH-A0H0-01	TCGA-BH-A0H0-01	6.119	Primary Tumor	TCGA	Breast
TCGA-AO-A0J3-01	TCGA-AO-A0J3-01	6.095	Primary Tumor	TCGA	Breast
TCGA-D8-A1JN-01	TCGA-D8-A1JN-01	6.095	Primary Tumor	TCGA	Breast
TCGA-AR-A0TR-01	TCGA-AR-A0TR-01	6.07	Primary Tumor	TCGA	Breast
TCGA-E9-A54Y-01	TCGA-E9-A54Y-01	6.059	Primary Tumor	TCGA	Breast
TCGA-B6-A0IB-01	TCGA-B6-A0IB-01	6.019	Primary Tumor	TCGA	Breast
TCGA-AC-A4ZE-01	TCGA-AC-A4ZE-01	5.985	Primary Tumor	TCGA	Breast
TCGA-AC-A7VB-01	TCGA-AC-A7VB-01	5.962	Primary Tumor	TCGA	Breast
TCGA-C8-A133-01	TCGA-C8-A133-01	5.941	Primary Tumor	TCGA	Breast
TCGA-C8-A1HM-01	TCGA-C8-A1HM-01	5.91	Primary Tumor	TCGA	Breast
TCGA-BH-A0HW-01	TCGA-BH-A0HW-01	5.874	Primary Tumor	TCGA	Breast
TCGA-A8-A06N-01	TCGA-A8-A06N-01	5.863	Primary Tumor	TCGA	Breast
TCGA-E9-A54X-01	TCGA-E9-A54X-01	5.721	Primary Tumor	TCGA	Breast
TCGA-AO-A125-01	TCGA-AO-A125-01	5.666	Primary Tumor	TCGA	Breast
TCGA-UU-A93S-01	TCGA-UU-A93S-01	5.634	Primary Tumor	TCGA	Breast
TCGA-EW-A1OX-01	TCGA-EW-A1OX-01	5.543	Primary Tumor	TCGA	Breast
TCGA-E9-A5UO-01	TCGA-E9-A5UO-01	5.524	Primary Tumor	TCGA	Breast
TCGA-BH-A0EE-01	TCGA-BH-A0EE-01	5.474	Primary Tumor	TCGA	Breast
TCGA-B6-A0IA-01	TCGA-B6-A0IA-01	5.418	Primary Tumor	TCGA	Breast
TCGA-E2-A15K-06	TCGA-E2-A15K-06	5.292	Metastatic	TCGA	Breast
TCGA-B6-A0RL-01	TCGA-B6-A0RL-01	5.152	Primary Tumor	TCGA	Breast
TCGA-A8-A08B-01	TCGA-A8-A08B-01	4.266	Primary Tumor	TCGA	Breast